,Company_link,company_name,flag
0,/company/20MICRONS,20MICRONS,1
2,/company/21STCENMGM,21STCENMGM,1
3,/company/360ONE,360ONE,1
5,/company/3IINFOLTD,3IINFOLTD,1
6,/company/3MINDIA,3MINDIA,1
7,/company/3PLAND,3PLAND,1
8,/company/3RDROCK,3RDROCK,1
10,/company/5PAISA,5PAISA,1
11,/company/63MOONS,63MOONS,1
16,/company/A2ZINFRA,A2ZINFRA,1
18,/company/AAATECH,AAATECH,1
22,/company/AAKASH,AAKASH,1
27,/company/AAREYDRUGS,AAREYDRUGS,1
29,/company/AARON,AARON,1
31,/company/AARTECH,AARTECH,1
32,/company/AARTIDRUGS,AARTIDRUGS,1
33,/company/AARTIIND,AARTIIND,1
34,/company/AARTIPHARM,AARTIPHARM,1
35,/company/AARTISURF,AARTISURF,1
36,/company/AARVEEDEN,AARVEEDEN,1
37,/company/AARVI,AARVI,1
41,/company/AATMAJ,AATMAJ,1
42,/company/AAVAS,AAVAS,1
44,/company/ABCOTS,ABCOTS,1
45,/company/ABINFRA,ABINFRA,1
46,/company/ABAN,ABAN,1
48,/company/AHL,AHL,1
50,/company/ABB,ABB,1
51,/company/ABBOTINDIA,ABBOTINDIA,1
60,/company/AILIMITED,AILIMITED,1
62,/company/ABMINTLLTD,ABMINTLLTD,1
64,/company/ACC,ACC,1
68,/company/ACCELYA,ACCELYA,1
70,/company/ACCORD,ACCORD,1
71,/company/ACCURACY,ACCURACY,1
75,/company/ACEINTEG,ACEINTEG,1
86,/company/ACE,ACE,1
89,/company/ADANIENSOL,ADANIENSOL,1
90,/company/ADANIENT,ADANIENT,1
91,/company/ADANIGREEN,ADANIGREEN,1
92,/company/ADANIPORTS,ADANIPORTS,1
93,/company/ADANIPOWER,ADANIPOWER,1
94,/company/ATGL,ATGL,1
95,/company/AWL,AWL,1
99,/company/KRONECOMM,KRONECOMM,1
104,/company/ADFFOODS,ADFFOODS,1
109,/company/ABCAPITAL,ABCAPITAL,1
110,/company/ABFRL,ABFRL,1
111,/company/BIRLAMONEY,BIRLAMONEY,1
112,/company/ABSLAMC,ABSLAMC,1
115,/company/ADITYASPIN,ADITYASPIN,1
122,/company/ADORWELD,ADORWELD,1
124,/company/ADROITINFO,ADROITINFO,1
128,/company/AMTL,AMTL,1
131,/company/ADVENZYMES,ADVENZYMES,1
132,/company/ADVANIHOTR,ADVANIHOTR,1
136,/company/AEGISCHEM,AEGISCHEM,1
137,/company/AEROFLEX,AEROFLEX,1
139,/company/AETHER,AETHER,1
142,/company/AFFLE,AFFLE,1
145,/company/AGUL,AGUL,1
147,/company/AGARWALFT,AGARWALFT,1
149,/company/AGARIND,AGARIND,1
151,/company/AGI,AGI,1
154,/company/AGNI,AGNI,1
156,/company/AGRITECH,AGRITECH,1
159,/company/AGROPHOS,AGROPHOS,1
160,/company/ATFL,ATFL,1
161,/company/AGSTRA,AGSTRA,1
163,/company/AHIMSA,AHIMSA,1
164,/company/AHLADA,AHLADA,1
165,/company/AHLUCONT,AHLUCONT,1
168,/company/AICHAMP,AICHAMP,1
169,/company/AIAENG,AIAENG,1
170,/company/AIMCOPEST,AIMCOPEST,1
171,/company/AIRAN,AIRAN,1
172,/company/AIROLAM,AIROLAM,1
177,/company/AJANTPHARM,AJANTPHARM,1
183,/company/AJMERA,AJMERA,1
184,/company/AJOONI,AJOONI,1
185,/company/AJRINFRA,AJRINFRA,1
191,/company/AKASH,AKASH,1
194,/company/AKG,AKG,1
196,/company/AKI,AKI,1
200,/company/AKSHOPTFBR,AKSHOPTFBR,1
202,/company/AKSHAR,AKSHAR,1
203,/company/AKSHARCHEM,AKSHARCHEM,1
206,/company/AKZOINDIA,AKZOINDIA,1
209,/company/ALANKIT,ALANKIT,1
210,/company/ALBERTDAVD,ALBERTDAVD,1
212,/company/ALEMBICLTD,ALEMBICLTD,1
213,/company/APLLTD,APLLTD,1
220,/company/ALFREDHERB,ALFREDHERB,1
222,/company/ALICON,ALICON,1
225,/company/ALKALI,ALKALI,1
226,/company/ALKEM,ALKEM,1
228,/company/ALKYLAMINE,ALKYLAMINE,1
229,/company/ALLETEC,ALLETEC,1
230,/company/ACLGATI,ACLGATI,1
231,/company/ALLCARGO,ALLCARGO,1
232,/company/ATL,ATL,1
235,/company/ADSL,ADSL,1
238,/company/ALLSEC,ALLSEC,1
239,/company/ALMONDZ,ALMONDZ,1
240,/company/ALOKINDS,ALOKINDS,1
242,/company/ALPA,ALPA,1
244,/company/ALPHAGEO,ALPHAGEO,1
247,/company/ALPINEHOU,ALPINEHOU,1
248,/company/ALPSINDUS,ALPSINDUS,1
259,/company/ARE&M,ARE&M,1
261,/company/AMARJOTHI,AMARJOTHI,1
264,/company/AMBASARABH,AMBASARABH,1
265,/company/AMBANIORG,AMBANIORG,1
269,/company/AMBER,AMBER,1
270,/company/AMBICAAGAR,AMBICAAGAR,1
272,/company/AMBIKCO,AMBIKCO,1
276,/company/AMBUJACEM,AMBUJACEM,1
278,/company/AMDIND,AMDIND,1
280,/company/AMEYA,AMEYA,1
281,/company/AMFORGEIND,AMFORGEIND,1
282,/company/AMIORG,AMIORG,1
283,/company/AMIABLE,AMIABLE,1
285,/company/AMNPLST,AMNPLST,1
288,/company/AMJLAND,AMJLAND,1
297,/company/AMRUTANJAN,AMRUTANJAN,1
302,/company/ANANDRATHI,ANANDRATHI,1
305,/company/ANANTRAJ,ANANTRAJ,1
306,/company/ACL,ACL,1
307,/company/ANDHRAPAP,ANDHRAPAP,1
308,/company/ANDHRAPET,ANDHRAPET,1
309,/company/ANDREWYU,ANDREWYU,1
313,/company/ANGELONE,ANGELONE,1
314,/company/AISL,AISL,1
315,/company/ANIKINDS,ANIKINDS,1
323,/company/APCL,APCL,1
329,/company/ANKITMETAL,ANKITMETAL,1
333,/company/ANLON,ANLON,1
334,/company/ANMOL,ANMOL,1
339,/company/ANNAPURNA,ANNAPURNA,1
342,/company/ANSALHSG,ANSALHSG,1
343,/company/ANSALAPI,ANSALAPI,1
345,/company/ANTGRAPHIC,ANTGRAPHIC,1
346,/company/AWHCL,AWHCL,1
349,/company/ANURAS,ANURAS,1
353,/company/APARINDS,APARINDS,1
354,/company/APCOTEXIND,APCOTEXIND,1
359,/company/APEX,APEX,1
362,/company/APLAPOLLO,APLAPOLLO,1
364,/company/APLAB,APLAB,1
368,/company/APOLLOHOSP,APOLLOHOSP,1
370,/company/APOLLO,APOLLO,1
371,/company/APOLLOPIPE,APOLLOPIPE,1
372,/company/APOLSINHOT,APOLSINHOT,1
373,/company/APOLLOTYRE,APOLLOTYRE,1
376,/company/APTECHT,APTECHT,1
377,/company/APTUS,APTUS,1
379,/company/ARABIAN,ARABIAN,1
382,/company/ARAVALISEC,ARAVALISEC,1
385,/company/SSLFINANCE,SSLFINANCE,1
386,/company/ACI,ACI,1
387,/company/ADL,ADL,1
388,/company/ARCHIDPLY,ARCHIDPLY,1
389,/company/ARCHIES,ARCHIES,1
395,/company/ARHAM,ARHAM,1
396,/company/ARIES,ARIES,1
397,/company/ARIHANTACA,ARIHANTACA,1
398,/company/ARIHANTCAP,ARIHANTCAP,1
402,/company/ARIHANT,ARIHANT,1
405,/company/ARIHANTSUP,ARIHANTSUP,1
408,/company/ARISTO,ARISTO,1
410,/company/ARMANFIN,ARMANFIN,1
414,/company/AROGRANITE,AROGRANITE,1
417,/company/ARROWGREEN,ARROWGREEN,1
419,/company/ARSHIYA,ARSHIYA,1
420,/company/ARSSINFRA,ARSSINFRA,1
421,/company/ARTNIRMAN,ARTNIRMAN,1
424,/company/ARTEMISMED,ARTEMISMED,1
426,/company/ARTSONENGG,ARTSONENGG,1
427,/company/ARUNASUGAR,ARUNASUGAR,1
430,/company/ARVEE,ARVEE,1
431,/company/ACSAL,ACSAL,1
432,/company/ARVINDFASN,ARVINDFASN,1
434,/company/ARVIND,ARVIND,1
435,/company/ARVSMART,ARVSMART,1
439,/company/ASAHIINDIA,ASAHIINDIA,1
441,/company/ASAHISONG,ASAHISONG,1
444,/company/ASCOM,ASCOM,1
445,/company/ASHAPURMIN,ASHAPURMIN,1
448,/company/ASHIANA,ASHIANA,1
451,/company/ASHIMASYN,ASHIMASYN,1
457,/company/ASHOKALCO,ASHOKALCO,1
458,/company/ASHOKLEY,ASHOKLEY,1
460,/company/ASHOKA,ASHOKA,1
464,/company/ASHOKAMET,ASHOKAMET,1
467,/company/TATIASKYLN,TATIASKYLN,1
469,/company/ASOCSTONE,ASOCSTONE,1
472,/company/ASIANENE,ASIANENE,1
473,/company/ASIANTILES,ASIANTILES,1
474,/company/AHLEAST,AHLEAST,1
475,/company/ASIANHOTNR,ASIANHOTNR,1
478,/company/ASIANPAINT,ASIANPAINT,1
485,/company/ASKAUTOLTD,ASKAUTOLTD,1
488,/company/ASLIND,ASLIND,1
492,/company/ASPINWALL,ASPINWALL,1
497,/company/ASALCBR,ASALCBR,1
501,/company/CARBORUNIV,CARBORUNIV,1
502,/company/GRINDWELL,GRINDWELL,1
504,/company/WENDT,WENDT,1
509,/company/DMART,DMART,1
510,/company/AVG,AVG,1
514,/company/AVONMORE,AVONMORE,1
516,/company/AVROIND,AVROIND,1
517,/company/AVSL,AVSL,1
518,/company/AVTNPL,AVTNPL,1
521,/company/AXISBANK,AXISBANK,1
522,/company/AXISCADES,AXISCADES,1
523,/company/AXITA,AXITA,1
526,/company/AYMSYNTEX,AYMSYNTEX,1
530,/company/BBTCL,BBTCL,1
532,/company/BAGFILMS,BAGFILMS,1
533,/company/BCP,BCP,1
534,/company/BLKASHYAP,BLKASHYAP,1
538,/company/BABAFP,BABAFP,1
542,/company/BAFNAPH,BAFNAPH,1
545,/company/BAHETI,BAHETI,1
546,/company/BAIDFIN,BAIDFIN,1
548,/company/BAJAJ-AUTO,BAJAJ-AUTO,1
549,/company/BAJAJCON,BAJAJCON,1
550,/company/BAJAJELEC,BAJAJELEC,1
552,/company/BAJFINANCE,BAJFINANCE,1
553,/company/BAJAJFINSV,BAJAJFINSV,1
554,/company/BAJAJHCARE,BAJAJHCARE,1
555,/company/AMBER,AMBER,1
556,/company/BLUESTARCO,BLUESTARCO,1
557,/company/JCHAC,JCHAC,1
558,/company/KALYANISHP,KALYANISHP,1
559,/company/VOLTAS,VOLTAS,1
560,/company/GLOBALVECT,GLOBALVECT,1
562,/company/INDIGO,INDIGO,1
563,/company/JETAIRWAYS,JETAIRWAYS,1
564,/company/SPICEJET,SPICEJET,1
566,/company/TANEJAERO,TANEJAERO,1
570,/company/BHAGERIA,BHAGERIA,1
571,/company/BHAGCHEM,BHAGCHEM,1
576,/company/BHAGYANGR,BHAGYANGR,1
580,/company/BHANDARI,BHANDARI,1
582,/company/BEPL,BEPL,1
585,/company/BBL,BBL,1
586,/company/BDL,BDL,1
587,/company/BEL,BEL,1
588,/company/BHARATFORG,BHARATFORG,1
589,/company/BHARATGEAR,BHARATGEAR,1
590,/company/BHEL,BHEL,1
595,/company/BPCL,BPCL,1
596,/company/BHARATRAS,BHARATRAS,1
597,/company/BRNL,BRNL,1
600,/company/BHARATWIRE,BHARATWIRE,1
601,/company/BGLOBAL,BGLOBAL,1
602,/company/BHARTIARTL,BHARTIARTL,1
604,/company/BIL,BIL,1
618,/company/BIGBLOC,BIGBLOC,1
620,/company/BIHARSPONG,BIHARSPONG,1
626,/company/BIKAJI,BIKAJI,1
629,/company/BIMETAL,BIMETAL,1
630,/company/BINANIIND,BINANIIND,1
637,/company/BIOCON,BIOCON,1
638,/company/BIOFILCHEM,BIOFILCHEM,1
642,/company/BIRLACABLE,BIRLACABLE,1
643,/company/BIRLACORPN,BIRLACORPN,1
645,/company/BIRLATYRE,BIRLATYRE,1
646,/company/BSOFT,BSOFT,1
650,/company/BKMINDST,BKMINDST,1
652,/company/BBOX,BBOX,1
654,/company/BLBLIMITED,BLBLIMITED,1
655,/company/BLISSGVS,BLISSGVS,1
660,/company/BLS,BLS,1
661,/company/BLUECHIP,BLUECHIP,1
664,/company/BLUECOAST,BLUECOAST,1
665,/company/BLUEDART,BLUEDART,1
667,/company/BLUEJET,BLUEJET,1
670,/company/BLUESTARCO,BLUESTARCO,1
678,/company/BODALCHEM,BODALCHEM,1
679,/company/BTML,BTML,1
680,/company/BODHTREE,BODHTREE,1
681,/company/BOHRAIND,BOHRAIND,1
682,/company/BBTC,BBTC,1
684,/company/BOMDYEING,BOMDYEING,1
685,/company/BMETRICS,BMETRICS,1
687,/company/BSHSL,BSHSL,1
694,/company/BOROLTD,BOROLTD,1
695,/company/BORORENEW,BORORENEW,1
696,/company/BOSCHLTD,BOSCHLTD,1
702,/company/BPL,BPL,1
706,/company/BCONCEPTS,BCONCEPTS,1
710,/company/BRIGADE,BRIGADE,1
711,/company/BRIGHTBROS,BRIGHTBROS,1
713,/company/BRIGHT,BRIGHT,1
714,/company/BCG,BCG,1
717,/company/BRITANNIA,BRITANNIA,1
719,/company/BROOKS,BROOKS,1
721,/company/BSE,BSE,1
722,/company/BSELINFRA,BSELINFRA,1
723,/company/BSL,BSL,1
729,/company/BURNPUR,BURNPUR,1
730,/company/BUTTERFLY,BUTTERFLY,1
732,/company/CADSYS,CADSYS,1
739,/company/CALSOFT,CALSOFT,1
741,/company/CTE,CTE,1
744,/company/CAMLINFINE,CAMLINFINE,1
745,/company/CAMPUS,CAMPUS,1
746,/company/CANFINHOME,CANFINHOME,1
747,/company/CANBK,CANBK,1
748,/company/CANARYS,CANARYS,1
751,/company/CANTABIL,CANTABIL,1
752,/company/CAPACITE,CAPACITE,1
757,/company/CAPTRUST,CAPTRUST,1
758,/company/CAPLIPOINT,CAPLIPOINT,1
759,/company/CGCL,CGCL,1
761,/company/CAPRIHANS,CAPRIHANS,1
770,/company/CARBORUNIV,CARBORUNIV,1
771,/company/CARERATING,CARERATING,1
772,/company/CAREERP,CAREERP,1
777,/company/CARTRADE,CARTRADE,1
778,/company/CARYSIL,CARYSIL,1
781,/company/CASTROLIND,CASTROLIND,1
784,/company/CCL,CCL,1
786,/company/MAPMYINDIA,MAPMYINDIA,1
787,/company/CEATLTD,CEATLTD,1
790,/company/CEENIKEXPO,CEENIKEXPO,1
793,/company/CELEBRITY,CELEBRITY,1
794,/company/CELLPOINT,CELLPOINT,1
796,/company/CELLECOR,CELLECOR,1
797,/company/CELLO,CELLO,1
801,/company/CENTRALBK,CENTRALBK,1
803,/company/CDSL,CDSL,1
806,/company/CENTRUM,CENTRUM,1
807,/company/CENTUM,CENTUM,1
808,/company/CENTENKA,CENTENKA,1
809,/company/CENTEXT,CENTEXT,1
811,/company/CENTURYPLY,CENTURYPLY,1
812,/company/CENTURYTEX,CENTURYTEX,1
813,/company/CERA,CERA,1
814,/company/CEREBRAINT,CEREBRAINT,1
816,/company/CESC,CESC,1
820,/company/CGPOWER,CGPOWER,1
823,/company/CHALET,CHALET,1
826,/company/CLSEL,CLSEL,1
827,/company/CMNL,CMNL,1
829,/company/CHAMBLFERT,CHAMBLFERT,1
842,/company/CHAVDA,CHAVDA,1
846,/company/CHEMBOND,CHEMBOND,1
849,/company/CHEMCON,CHEMCON,1
852,/company/CHEMFAB,CHEMFAB,1
857,/company/CHEMPLASTS,CHEMPLASTS,1
861,/company/CHENNPETRO,CHENNPETRO,1
863,/company/CHEVIOT,CHEVIOT,1
869,/company/CHOICEIN,CHOICEIN,1
872,/company/CHOLAHLDNG,CHOLAHLDNG,1
873,/company/CHOLAFIN,CHOLAFIN,1
876,/company/CHOWGULSTM,CHOWGULSTM,1
879,/company/CIEINDIA,CIEINDIA,1
880,/company/CIGNITITEC,CIGNITITEC,1
881,/company/CNOVAPETRO,CNOVAPETRO,1
885,/company/CINELINE,CINELINE,1
888,/company/CINEVISTA,CINEVISTA,1
889,/company/CIPLA,CIPLA,1
897,/company/CUB,CUB,1
901,/company/CLEDUCATE,CLEDUCATE,1
908,/company/SPENTEX,SPENTEX,1
909,/company/CLEAN,CLEAN,1
912,/company/CMICABLES,CMICABLES,1
913,/company/CMMIPL,CMMIPL,1
914,/company/CMSINFO,CMSINFO,1
917,/company/COALINDIA,COALINDIA,1
918,/company/COASTCORP,COASTCORP,1
922,/company/COCHINSHIP,COCHINSHIP,1
923,/company/COFFEEDAY,COFFEEDAY,1
924,/company/COFORGE,COFORGE,1
929,/company/COLPAL,COLPAL,1
942,/company/COMMITTED,COMMITTED,1
944,/company/COMPINFO,COMPINFO,1
945,/company/COMPUSOFT,COMPUSOFT,1
946,/company/CAMS,CAMS,1
950,/company/CONCORDBIO,CONCORDBIO,1
956,/company/CONFIPET,CONFIPET,1
958,/company/CCCL,CCCL,1
959,/company/CONSOFINVT,CONSOFINVT,1
963,/company/CONCOR,CONCOR,1
972,/company/CONTI,CONTI,1
975,/company/CONTROLPR,CONTROLPR,1
976,/company/COOLCAPS,COOLCAPS,1
978,/company/CORALFINAC,CORALFINAC,1
981,/company/CORDSCABLE,CORDSCABLE,1
982,/company/COROENGG,COROENGG,1
984,/company/COROMANDEL,COROMANDEL,1
992,/company/COSMOFIRST,COSMOFIRST,1
995,/company/CCHHL,CCHHL,1
996,/company/COUNCODOS,COUNCODOS,1
999,/company/CPS,CPS,1
1000,/company/CRAFTSMAN,CRAFTSMAN,1
1002,/company/CRANESSOFT,CRANESSOFT,1
1005,/company/CRAYONS,CRAYONS,1
1007,/company/CREATIVEYE,CREATIVEYE,1
1009,/company/CREATIVE,CREATIVE,1
1011,/company/CREDITACC,CREDITACC,1
1016,/company/CREST,CREST,1
1019,/company/CRISIL,CRISIL,1
1021,/company/CROMPTON,CROMPTON,1
1022,/company/CLSL,CLSL,1
1025,/company/CROWN,CROWN,1
1029,/company/CSBBANK,CSBBANK,1
1030,/company/CSLFINANCE,CSLFINANCE,1
1031,/company/CUBEXTUB,CUBEXTUB,1
1032,/company/CUMMINSIND,CUMMINSIND,1
1033,/company/CUPID,CUPID,1
1038,/company/CYBERMEDIA,CYBERMEDIA,1
1039,/company/CMRSL,CMRSL,1
1040,/company/CYBERTECH,CYBERTECH,1
1042,/company/CYIENTDLM,CYIENTDLM,1
1043,/company/CYIENT,CYIENT,1
1045,/company/DLINKINDIA,DLINKINDIA,1
1046,/company/DBCORP,DBCORP,1
1047,/company/DPABHUSHAN,DPABHUSHAN,1
1048,/company/DPWIRES,DPWIRES,1
1050,/company/DABUR,DABUR,1
1051,/company/DAICHIKARK,DAICHIKARK,1
1054,/company/DALBHARAT,DALBHARAT,1
1055,/company/DALMIASUG,DALMIASUG,1
1057,/company/DAMODARIND,DAMODARIND,1
1059,/company/DANGEE,DANGEE,1
1068,/company/DATAPATTNS,DATAPATTNS,1
1069,/company/DATAMATICS,DATAMATICS,1
1077,/company/DBSTOCKBRO,DBSTOCKBRO,1
1078,/company/DBREALTY,DBREALTY,1
1079,/company/DCI,DCI,1
1080,/company/DCBBANK,DCBBANK,1
1081,/company/DCMFINSERV,DCMFINSERV,1
1082,/company/DCM,DCM,1
1083,/company/DCMNVL,DCMNVL,1
1084,/company/DCMSRIND,DCMSRIND,1
1085,/company/DCMSHRIRAM,DCMSHRIRAM,1
1086,/company/DCW,DCW,1
1087,/company/DCXINDIA,DCXINDIA,1
1090,/company/DENEERS,DENEERS,1
1091,/company/DENORA,DENORA,1
1092,/company/DIL,DIL,1
1094,/company/DECCANCE,DECCANCE,1
1106,/company/DEEPENR,DEEPENR,1
1107,/company/DEEPINDS,DEEPINDS,1
1110,/company/DEEPAKFERT,DEEPAKFERT,1
1112,/company/DEEPAKNTR,DEEPAKNTR,1
1113,/company/DEEPAKSPIN,DEEPAKSPIN,1
1118,/company/DELHIVERY,DELHIVERY,1
1119,/company/DELPHIFX,DELPHIFX,1
1121,/company/DELTACORP,DELTACORP,1
1123,/company/DELTAMAGNT,DELTAMAGNT,1
1125,/company/DEN,DEN,1
1131,/company/DESTINY,DESTINY,1
1133,/company/DEVIT,DEVIT,1
1138,/company/DEVYANI,DEVYANI,1
1143,/company/DBOL,DBOL,1
1144,/company/DHAMPURSUG,DHAMPURSUG,1
1149,/company/DHANI,DHANI,1
1150,/company/DHANBANK,DHANBANK,1
1153,/company/DHANUKA,DHANUKA,1
1154,/company/DRL,DRL,1
1158,/company/DHARSUGAR,DHARSUGAR,1
1159,/company/DHARMAJ,DHARMAJ,1
1168,/company/DHRUV,DHRUV,1
1171,/company/DHUNINV,DHUNINV,1
1172,/company/DTIL,DTIL,1
1173,/company/DVL,DVL,1
1176,/company/DIAMINESQ,DIAMINESQ,1
1177,/company/DIACABS,DIACABS,1
1180,/company/DICIND,DICIND,1
1182,/company/DGCONTENT,DGCONTENT,1
1183,/company/DIGIKORE,DIGIKORE,1
1184,/company/DIGISPICE,DIGISPICE,1
1185,/company/DIGJAMLMTD,DIGJAMLMTD,1
1190,/company/DNAMEDIA,DNAMEDIA,1
1191,/company/DBL,DBL,1
1192,/company/DEPL,DEPL,1
1194,/company/GEORGFISCH,GEORGFISCH,1
1195,/company/DISHTV,DISHTV,1
1197,/company/DCAL,DCAL,1
1199,/company/DIVGIITTS,DIVGIITTS,1
1200,/company/DIVISLAB,DIVISLAB,1
1204,/company/DIXON,DIXON,1
1205,/company/DJML,DJML,1
1206,/company/DKEGL,DKEGL,1
1207,/company/DLF,DLF,1
1209,/company/DMCC,DMCC,1
1212,/company/DODLA,DODLA,1
1213,/company/DOLATALGO,DOLATALGO,1
1215,/company/DOLLAR,DOLLAR,1
1216,/company/DOLLEX,DOLLEX,1
1218,/company/DOLPHIN,DOLPHIN,1
1219,/company/DONEAR,DONEAR,1
1223,/company/LALPATHLAB,LALPATHLAB,1
1224,/company/DRREDDY,DRREDDY,1
1226,/company/DRCSYSTEMS,DRCSYSTEMS,1
1228,/company/DREAMFOLKS,DREAMFOLKS,1
1229,/company/DREDGECORP,DREDGECORP,1
1230,/company/DRONE,DRONE,1
1232,/company/KEEPLEARN,KEEPLEARN,1
1234,/company/DUGLOBAL,DUGLOBAL,1
1235,/company/DUCOL,DUCOL,1
1236,/company/DUCON,DUCON,1
1250,/company/DWARKESH,DWARKESH,1
1251,/company/DSSL,DSSL,1
1252,/company/DYNAMATECH,DYNAMATECH,1
1254,/company/DYCL,DYCL,1
1257,/company/DYNAMIC,DYNAMIC,1
1259,/company/DYNPRO,DYNPRO,1
1260,/company/ELAND,ELAND,1
1261,/company/EIDPARRY,EIDPARRY,1
1262,/company/E2E,E2E,1
1270,/company/ESTCSTSTEL,ESTCSTSTEL,1
1275,/company/EASTSILK,EASTSILK,1
1280,/company/EASEMYTRIP,EASEMYTRIP,1
1282,/company/ECLERX,ECLERX,1
1286,/company/WESTERNBIO,WESTERNBIO,1
1291,/company/EDELWEISS,EDELWEISS,1
1292,/company/EDUCOMP,EDUCOMP,1
1296,/company/EICHERMOT,EICHERMOT,1
1298,/company/EIHAHOTELS,EIHAHOTELS,1
1299,/company/EIHOTEL,EIHOTEL,1
1301,/company/EIMCOELECO,EIMCOELECO,1
1307,/company/ELFORGE,ELFORGE,1
1309,/company/DRBECK,DRBECK,1
1311,/company/ELDEHSG,ELDEHSG,1
1312,/company/ELECON,ELECON,1
1319,/company/EMIL,EMIL,1
1320,/company/ELECTCAST,ELECTCAST,1
1321,/company/ELECTHERM,ELECTHERM,1
1324,/company/ELGIEQUIP,ELGIEQUIP,1
1325,/company/ELGIRUBCO,ELGIRUBCO,1
1326,/company/ELIN,ELIN,1
1329,/company/ELNET,ELNET,1
1330,/company/ELPROINTL,ELPROINTL,1
1333,/company/EMAMILTD,EMAMILTD,1
1334,/company/EMAMIPAP,EMAMIPAP,1
1335,/company/EMAMIREAL,EMAMIREAL,1
1342,/company/EMKAY,EMKAY,1
1343,/company/EMKAYTOOLS,EMKAYTOOLS,1
1344,/company/EMMBI,EMMBI,1
1348,/company/EMSLIMITED,EMSLIMITED,1
1349,/company/EMUDHRA,EMUDHRA,1
1355,/company/ENDURANCE,ENDURANCE,1
1356,/company/ENERGYDEV,ENERGYDEV,1
1357,/company/ENGINERSIN,ENGINERSIN,1
1361,/company/ENIL,ENIL,1
1362,/company/KIRLOSELEC,KIRLOSELEC,1
1365,/company/EPIGRAL,EPIGRAL,1
1366,/company/EPL,EPL,1
1368,/company/EQUIPPP,EQUIPPP,1
1369,/company/EQUITASBNK,EQUITASBNK,1
1371,/company/ERIS,ERIS,1
1372,/company/EROSMEDIA,EROSMEDIA,1
1375,/company/ESABINDIA,ESABINDIA,1
1376,/company/ESAFSFB,ESAFSFB,1
1378,/company/ESCORTS,ESCORTS,1
1385,/company/ESSARSHPNG,ESSARSHPNG,1
1386,/company/ESFL,ESFL,1
1387,/company/ESTER,ESTER,1
1390,/company/ETHOSLTD,ETHOSLTD,1
1396,/company/EIFFL,EIFFL,1
1398,/company/EUROBOND,EUROBOND,1
1399,/company/EUROTEXIND,EUROTEXIND,1
1401,/company/EVEREADY,EVEREADY,1
1402,/company/EVERESTIND,EVERESTIND,1
1403,/company/EKC,EKC,1
1410,/company/EXCELINDUS,EXCELINDUS,1
1411,/company/EXCEL,EXCEL,1
1417,/company/EXIDEIND,EXIDEIND,1
1418,/company/EXPLEOSOL,EXPLEOSOL,1
1421,/company/EXXARO,EXXARO,1
1426,/company/FAIRCHEMOR,FAIRCHEMOR,1
1433,/company/FAZE3Q,FAZE3Q,1
1434,/company/FCSSOFT,FCSSOFT,1
1435,/company/FDC,FDC,1
1436,/company/FEDFINA,FEDFINA,1
1437,/company/FMGOETZE,FMGOETZE,1
1439,/company/FELIX,FELIX,1
1442,/company/FGPIND,FGPIND,1
1444,/company/FIBERWEB,FIBERWEB,1
1445,/company/FIDEL,FIDEL,1
1446,/company/FIEMIND,FIEMIND,1
1448,/company/FILATEX,FILATEX,1
1452,/company/FINEORG,FINEORG,1
1455,/company/FCL,FCL,1
1457,/company/FINOPB,FINOPB,1
1458,/company/FINCABLES,FINCABLES,1
1459,/company/FINPIPE,FINPIPE,1
1462,/company/FSL,FSL,1
1465,/company/FIVESTAR,FIVESTAR,1
1466,/company/FLAIR,FLAIR,1
1468,/company/FLEXITUFF,FLEXITUFF,1
1475,/company/FOCE,FOCE,1
1478,/company/FOCUS,FOCUS,1
1480,/company/FOODSIN,FOODSIN,1
1481,/company/FORBESGOK,FORBESGOK,1
1482,/company/FORCEMOT,FORCEMOT,1
1484,/company/FORTIS,FORTIS,1
1489,/company/FOSECOIND,FOSECOIND,1
1504,/company/FROG,FROG,1
1510,/company/NYKAA,NYKAA,1
1515,/company/FUSION,FUSION,1
1516,/company/FCONSUMER,FCONSUMER,1
1517,/company/FEL,FEL,1
1518,/company/FELDVR,FELDVR,1
1519,/company/FLFL,FLFL,1
1520,/company/FMNL,FMNL,1
1521,/company/FRETAIL,FRETAIL,1
1522,/company/FSC,FSC,1
1525,/company/GTECJAINX,GTECJAINX,1
1528,/company/GABRIEL,GABRIEL,1
1529,/company/GATECH,GATECH,1
1530,/company/GATECHDVR,GATECHDVR,1
1537,/company/GAIL,GAIL,1
1542,/company/GALPOWTEL,GALPOWTEL,1
1546,/company/GALAXYSURF,GALAXYSURF,1
1548,/company/GALLANTT,GALLANTT,1
1550,/company/GANDHAR,GANDHAR,1
1551,/company/GANDHITUBE,GANDHITUBE,1
1552,/company/GANESHBE,GANESHBE,1
1555,/company/GANESHHOUC,GANESHHOUC,1
1556,/company/GANECOS,GANECOS,1
1559,/company/GANGAFORGE,GANGAFORGE,1
1563,/company/GANGESSECU,GANGESSECU,1
1564,/company/GANGOTRI,GANGOTRI,1
1569,/company/GRSE,GRSE,1
1576,/company/GRWRHITECH,GRWRHITECH,1
1579,/company/GARFIBRES,GARFIBRES,1
1580,/company/GATEWAY,GATEWAY,1
1585,/company/GAYAHWS,GAYAHWS,1
1586,/company/GAYAPROJ,GAYAPROJ,1
1587,/company/GRCL,GRCL,1
1596,/company/GEPIL,GEPIL,1
1597,/company/GET&D,GET&D,1
1599,/company/GEECEE,GEECEE,1
1600,/company/GEEKAYWIRE,GEEKAYWIRE,1
1602,/company/GEMSPIN,GEMSPIN,1
1608,/company/GICRE,GICRE,1
1610,/company/GENCON,GENCON,1
1615,/company/GENESYS,GENESYS,1
1620,/company/GENSOL,GENSOL,1
1621,/company/GENUSPAPER,GENUSPAPER,1
1622,/company/GENUSPOWER,GENUSPOWER,1
1624,/company/GEOJITFSL,GEOJITFSL,1
1626,/company/GFLLIMITED,GFLLIMITED,1
1629,/company/GHCL,GHCL,1
1630,/company/GHCLTEXTIL,GHCLTEXTIL,1
1632,/company/GICHSGFIN,GICHSGFIN,1
1634,/company/GILLANDERS,GILLANDERS,1
1635,/company/GILLETTE,GILLETTE,1
1638,/company/GINNIFILA,GINNIFILA,1
1640,/company/GIRRESORTS,GIRRESORTS,1
1641,/company/GIRIRAJ,GIRIRAJ,1
1644,/company/GKB,GKB,1
1647,/company/GKWLIMITED,GKWLIMITED,1
1649,/company/GLAND,GLAND,1
1650,/company/GLAXO,GLAXO,1
1652,/company/GLS,GLS,1
1653,/company/GLENMARK,GLENMARK,1
1658,/company/GLOBAL,GLOBAL,1
1659,/company/MEDANTA,MEDANTA,1
1661,/company/GLOBOFFS,GLOBOFFS,1
1662,/company/GLOBALPET,GLOBALPET,1
1663,/company/GSLSU,GSLSU,1
1664,/company/GLOBALVECT,GLOBALVECT,1
1670,/company/GICL,GICL,1
1671,/company/GLOBE,GLOBE,1
1672,/company/GSTL,GSTL,1
1674,/company/GLOBUSSPR,GLOBUSSPR,1
1677,/company/GMBREW,GMBREW,1
1679,/company/GMMPFAUDLR,GMMPFAUDLR,1
1680,/company/GMRINFRA,GMRINFRA,1
1681,/company/GMRP&UI,GMRP&UI,1
1682,/company/GNA,GNA,1
1685,/company/GOCOLORS,GOCOLORS,1
1686,/company/GOACARBON,GOACARBON,1
1689,/company/GOCLCORP,GOCLCORP,1
1691,/company/GPIL,GPIL,1
1692,/company/GODFRYPHLP,GODFRYPHLP,1
1693,/company/GODHA,GODHA,1
1694,/company/GODREJAGRO,GODREJAGRO,1
1695,/company/GODREJCP,GODREJCP,1
1696,/company/GODREJIND,GODREJIND,1
1697,/company/GODREJPROP,GODREJPROP,1
1700,/company/GOENKA,GOENKA,1
1704,/company/GOKEX,GOKEX,1
1705,/company/GOKULAGRO,GOKULAGRO,1
1706,/company/GOKUL,GOKUL,1
1711,/company/GOLDENTOBC,GOLDENTOBC,1
1713,/company/GOLDIAM,GOLDIAM,1
1714,/company/GOLDKART,GOLDKART,1
1716,/company/GOLDSTAR,GOLDSTAR,1
1717,/company/GOLDTECH,GOLDTECH,1
1722,/company/GOODLUCK,GOODLUCK,1
1723,/company/GOODRICKE,GOODRICKE,1
1724,/company/GOODYEAR,GOODYEAR,1
1731,/company/GOVINRUBER,GOVINRUBER,1
1734,/company/GOYALALUM,GOYALALUM,1
1736,/company/GOYALSALT,GOYALSALT,1
1737,/company/GULFPETRO,GULFPETRO,1
1739,/company/GPTINFRA,GPTINFRA,1
1741,/company/GRINFRA,GRINFRA,1
1743,/company/GFSTEELS,GFSTEELS,1
1744,/company/GRANULES,GRANULES,1
1745,/company/GRAPHITE,GRAPHITE,1
1746,/company/GRASIM,GRASIM,1
1748,/company/GRAUWEIL,GRAUWEIL,1
1750,/company/GRAVITA,GRAVITA,1
1753,/company/GREAVESCOT,GREAVESCOT,1
1755,/company/GREENCHEF,GREENCHEF,1
1757,/company/GREENLAM,GREENLAM,1
1758,/company/GREENPANEL,GREENPANEL,1
1759,/company/GREENPLY,GREENPLY,1
1764,/company/GRETEX,GRETEX,1
1765,/company/GRINDWELL,GRINDWELL,1
1766,/company/GRMOVER,GRMOVER,1
1769,/company/GRPLTD,GRPLTD,1
1773,/company/GSS,GSS,1
1774,/company/GTLINFRA,GTLINFRA,1
1775,/company/GTL,GTL,1
1777,/company/GTNIND,GTNIND,1
1778,/company/GTNTEX,GTNTEX,1
1779,/company/GTPL,GTPL,1
1781,/company/GUFICBIO,GUFICBIO,1
1782,/company/GUJALKALI,GUJALKALI,1
1783,/company/GAEL,GAEL,1
1784,/company/GUJAPOLLO,GUJAPOLLO,1
1786,/company/GUJCOTEX,GUJCOTEX,1
1789,/company/FLUOROCHEM,FLUOROCHEM,1
1790,/company/GUJGASLTD,GUJGASLTD,1
1793,/company/GIPCL,GIPCL,1
1796,/company/GLFL,GLFL,1
1799,/company/GMDCLTD,GMDCLTD,1
1801,/company/GNFC,GNFC,1
1804,/company/GPPL,GPPL,1
1806,/company/GUJRAFFIA,GUJRAFFIA,1
1807,/company/GSFC,GSFC,1
1808,/company/GUJSTATFIN,GUJSTATFIN,1
1809,/company/GSPL,GSPL,1
1811,/company/GUJTHEMIS,GUJTHEMIS,1
1814,/company/GULFOILLUB,GULFOILLUB,1
1816,/company/GULPOLY,GULPOLY,1
1819,/company/GVKPIL,GVKPIL,1
1820,/company/GVPTECH,GVPTECH,1
1824,/company/HGINFRA,HGINFRA,1
1833,/company/HAPPSTMNDS,HAPPSTMNDS,1
1838,/company/HARDWYN,HARDWYN,1
1841,/company/HARIAEXPO,HARIAEXPO,1
1842,/company/HARIOMPIPE,HARIOMPIPE,1
1846,/company/HARRMALAYA,HARRMALAYA,1
1847,/company/HARSHA,HARSHA,1
1857,/company/HATHWAY,HATHWAY,1
1858,/company/HATSUN,HATSUN,1
1860,/company/HAVELLS,HAVELLS,1
1862,/company/HAWKINCOOK,HAWKINCOOK,1
1867,/company/HBSL,HBSL,1
1868,/company/HBLPOWER,HBLPOWER,1
1870,/company/HCL-INSYS,HCL-INSYS,1
1871,/company/HCLTECH,HCLTECH,1
1873,/company/HDFCAMC,HDFCAMC,1
1874,/company/HDFCBANK,HDFCBANK,1
1875,/company/HDFCLIFE,HDFCLIFE,1
1876,/company/HEADSUP,HEADSUP,1
1878,/company/HCG,HCG,1
1880,/company/HECPROJECT,HECPROJECT,1
1882,/company/HEG,HEG,1
1883,/company/HEIDELBERG,HEIDELBERG,1
1889,/company/HEMIPROP,HEMIPROP,1
1892,/company/HERANBA,HERANBA,1
1893,/company/HERCULES,HERCULES,1
1894,/company/HERITGFOOD,HERITGFOOD,1
1896,/company/HEROMOTOCO,HEROMOTOCO,1
1897,/company/HESTERBIO,HESTERBIO,1
1898,/company/HEUBACHIND,HEUBACHIND,1
1899,/company/HEXATRADEX,HEXATRADEX,1
1900,/company/HFCL,HFCL,1
1901,/company/HIMGRANITE,HIMGRANITE,1
1903,/company/HIGREEN,HIGREEN,1
1905,/company/HITECH,HITECH,1
1911,/company/HIKAL,HIKAL,1
1912,/company/HIL,HIL,1
1915,/company/HILTON,HILTON,1
1919,/company/HSCL,HSCL,1
1922,/company/HIMATSEIDE,HIMATSEIDE,1
1928,/company/HIRECT,HIRECT,1
1929,/company/HINDALCO,HINDALCO,1
1930,/company/HINDCON,HINDCON,1
1932,/company/HPIL,HPIL,1
1933,/company/HGS,HGS,1
1936,/company/HAL,HAL,1
1943,/company/HINDCOMPOS,HINDCOMPOS,1
1944,/company/HCC,HCC,1
1945,/company/HINDCOPPER,HINDCOPPER,1
1949,/company/HNDFDS,HNDFDS,1
1953,/company/HMVL,HMVL,1
1954,/company/HINDMOTORS,HINDMOTORS,1
1955,/company/HINDOILEXP,HINDOILEXP,1
1956,/company/HOCL,HOCL,1
1957,/company/HINDPETRO,HINDPETRO,1
1958,/company/HINDTINWRK,HINDTINWRK,1
1959,/company/HINDUNILVR,HINDUNILVR,1
1961,/company/HINDZINC,HINDZINC,1
1964,/company/HINDNATGLS,HINDNATGLS,1
1967,/company/HINDWAREAP,HINDWAREAP,1
1970,/company/HISARMETAL,HISARMETAL,1
1973,/company/POWERINDIA,POWERINDIA,1
1975,/company/HITECHCORP,HITECHCORP,1
1977,/company/HLEGLAS,HLEGLAS,1
1978,/company/HLVLTD,HLVLTD,1
1979,/company/HMAAGRO,HMAAGRO,1
1980,/company/HMT,HMT,1
1982,/company/HOLMARC,HOLMARC,1
1983,/company/HOMEFIRST,HOMEFIRST,1
1984,/company/HOMESFY,HOMESFY,1
1985,/company/HONASA,HONASA,1
1986,/company/HONDAPOWER,HONDAPOWER,1
1987,/company/HONAUT,HONAUT,1
1991,/company/HUDCO,HUDCO,1
1992,/company/HDIL,HDIL,1
1993,/company/HOVS,HOVS,1
1997,/company/HPAL,HPAL,1
1999,/company/HPL,HPL,1
2001,/company/HTMEDIA,HTMEDIA,1
2002,/company/HUBTOWN,HUBTOWN,1
2003,/company/HUHTAMAKI,HUHTAMAKI,1
2005,/company/HYBRIDFIN,HYBRIDFIN,1
2009,/company/ICDSLTD,ICDSLTD,1
2010,/company/ICEMAKE,ICEMAKE,1
2011,/company/ICICIBANK,ICICIBANK,1
2012,/company/ICICIGI,ICICIGI,1
2013,/company/ICICIPRULI,ICICIPRULI,1
2014,/company/ISEC,ISEC,1
2015,/company/ICL,ICL,1
2017,/company/ICRA,ICRA,1
2018,/company/IDBI,IDBI,1
2019,/company/IDEAFORGE,IDEAFORGE,1
2021,/company/IDFCFIRSTB,IDFCFIRSTB,1
2022,/company/IDFC,IDFC,1
2026,/company/IFBAGRO,IFBAGRO,1
2027,/company/IFBIND,IFBIND,1
2028,/company/IFCI,IFCI,1
2029,/company/IFGLEXPOR,IFGLEXPOR,1
2031,/company/IGPL,IGPL,1
2032,/company/IGARASHI,IGARASHI,1
2034,/company/IIFL,IIFL,1
2035,/company/IIFLSEC,IIFLSEC,1
2038,/company/IKIO,IKIO,1
2039,/company/IL&FSENGG,IL&FSENGG,1
2040,/company/IVC,IVC,1
2041,/company/IL&FSTRANS,IL&FSTRANS,1
2043,/company/IMAGICAA,IMAGICAA,1
2044,/company/RUCHISTRIP,RUCHISTRIP,1
2045,/company/INDLMETER,INDLMETER,1
2047,/company/IMPEXFERRO,IMPEXFERRO,1
2054,/company/INCREDIBLE,INCREDIBLE,1
2059,/company/INDSWFTLAB,INDSWFTLAB,1
2060,/company/INDSWFTLTD,INDSWFTLTD,1
2063,/company/INDBANK,INDBANK,1
2070,/company/INDIAGLYCO,INDIAGLYCO,1
2073,/company/INDIALEASE,INDIALEASE,1
2074,/company/IMPAL,IMPAL,1
2075,/company/INDNIPPON,INDNIPPON,1
2076,/company/IPL,IPL,1
2077,/company/DPSCLTD,DPSCLTD,1
2079,/company/ISIBARS,ISIBARS,1
2081,/company/ITDC,ITDC,1
2082,/company/IEL,IEL,1
2083,/company/IBULHSGFIN,IBULHSGFIN,1
2084,/company/IBREALEST,IBREALEST,1
2086,/company/INDIAMART,INDIAMART,1
2087,/company/INDIANACRY,INDIANACRY,1
2088,/company/INDIANB,INDIANB,1
2091,/company/INDIANCARD,INDIANCARD,1
2092,/company/IEX,IEX,1
2094,/company/INDIANHUME,INDIANHUME,1
2097,/company/IMFA,IMFA,1
2098,/company/IOC,IOC,1
2099,/company/IOB,IOB,1
2100,/company/IRCTC,IRCTC,1
2101,/company/IRFC,IRFC,1
2102,/company/IREDA,IREDA,1
2103,/company/OSWALSUG,OSWALSUG,1
2105,/company/INDTERRAIN,INDTERRAIN,1
2110,/company/INDIGOPNTS,INDIGOPNTS,1
2114,/company/INDOAMIN,INDOAMIN,1
2115,/company/INDOBORAX,INDOBORAX,1
2118,/company/ICIL,ICIL,1
2121,/company/INDORAMA,INDORAMA,1
2122,/company/INDOTECH,INDOTECH,1
2123,/company/INDOTHAI,INDOTHAI,1
2127,/company/NIPPOBATRY,NIPPOBATRY,1
2128,/company/INDOCO,INDOCO,1
2129,/company/INDOKEM,INDOKEM,1
2131,/company/INDOSTAR,INDOSTAR,1
2132,/company/INDOWIND,INDOWIND,1
2135,/company/IGL,IGL,1
2136,/company/INDRAMEDCO,INDRAMEDCO,1
2142,/company/INDUSTOWER,INDUSTOWER,1
2143,/company/INDUSINDBK,INDUSINDBK,1
2147,/company/IITL,IITL,1
2149,/company/INFIBEAM,INFIBEAM,1
2150,/company/INFINIUM,INFINIUM,1
2152,/company/NAUKRI,NAUKRI,1
2153,/company/INFOBEAN,INFOBEAN,1
2154,/company/INFOLLION,INFOLLION,1
2155,/company/INFOMEDIA,INFOMEDIA,1
2158,/company/INFY,INFY,1
2161,/company/INGERRAND,INGERRAND,1
2165,/company/INNOVANA,INNOVANA,1
2169,/company/INNOVATIVE,INNOVATIVE,1
2172,/company/INOXGREEN,INOXGREEN,1
2173,/company/IWEL,IWEL,1
2174,/company/INOXWIND,INOXWIND,1
2176,/company/INSECTICID,INSECTICID,1
2178,/company/INSPIRE,INSPIRE,1
2179,/company/INSPIRISYS,INSPIRISYS,1
2183,/company/ESSENTIA,ESSENTIA,1
2188,/company/IPSL,IPSL,1
2190,/company/INTELLECT,INTELLECT,1
2192,/company/INTENTECH,INTENTECH,1
2198,/company/INDIGO,INDIGO,1
2200,/company/INTLCONV,INTLCONV,1
2205,/company/INTLTRAVHS,INTLTRAVHS,1
2208,/company/ISFT,ISFT,1
2210,/company/INVENTURE,INVENTURE,1
2213,/company/ESCORTSFIN,ESCORTSFIN,1
2214,/company/IOLCP,IOLCP,1
2215,/company/IONEXCHANG,IONEXCHANG,1
2216,/company/IPRINGLTD,IPRINGLTD,1
2217,/company/IPCALAB,IPCALAB,1
2218,/company/IRB,IRB,1
2220,/company/IRCON,IRCON,1
2221,/company/IRIS,IRIS,1
2222,/company/IRISDOREME,IRISDOREME,1
2223,/company/IRMENERGY,IRMENERGY,1
2227,/company/ISGEC,ISGEC,1
2230,/company/ISHAN,ISHAN,1
2233,/company/ISMTLTD,ISMTLTD,1
2236,/company/ITC,ITC,1
2238,/company/ITDCEM,ITDCEM,1
2239,/company/ITI,ITI,1
2241,/company/IVP,IVP,1
2243,/company/IZMO,IZMO,1
2244,/company/JKIL,JKIL,1
2252,/company/JAGAJITIND,JAGAJITIND,1
2254,/company/JAGRAN,JAGRAN,1
2256,/company/JAGSNPHARM,JAGSNPHARM,1
2257,/company/JAIBALAJI,JAIBALAJI,1
2260,/company/JAICORPLTD,JAICORPLTD,1
2266,/company/JISLJALEQS,JISLJALEQS,1
2267,/company/JISLDVREQS,JISLDVREQS,1
2270,/company/JAINAM,JAINAM,1
2274,/company/JPASSOCIAT,JPASSOCIAT,1
2275,/company/JPPOWER,JPPOWER,1
2276,/company/JAKHARIA,JAKHARIA,1
2277,/company/JALAN,JALAN,1
2281,/company/JAMNAAUTO,JAMNAAUTO,1
2287,/company/JASCHIND,JASCHIND,1
2288,/company/JASH,JASH,1
2293,/company/JAYBARMARU,JAYBARMARU,1
2294,/company/KORE,KORE,1
2295,/company/JAYSREETEA,JAYSREETEA,1
2299,/company/JAYAGROGN,JAYAGROGN,1
2304,/company/JAYNECOIND,JAYNECOIND,1
2308,/company/JKSYNTHETC,JKSYNTHETC,1
2312,/company/JAYDYSTUF,JAYDYSTUF,1
2313,/company/JBCHEPHARM,JBCHEPHARM,1
2314,/company/JBFIND,JBFIND,1
2315,/company/JBMA,JBMA,1
2318,/company/JCT,JCT,1
2319,/company/JDORGOCHEM,JDORGOCHEM,1
2322,/company/JSLL,JSLL,1
2326,/company/JETAIRWAYS,JETAIRWAYS,1
2327,/company/JETFREIGHT,JETFREIGHT,1
2329,/company/JETKNIT,JETKNIT,1
2332,/company/JFLLIFE,JFLLIFE,1
2336,/company/JHS,JHS,1
2339,/company/JINDRILL,JINDRILL,1
2342,/company/JINDALPHOT,JINDALPHOT,1
2343,/company/JINDALPOLY,JINDALPOLY,1
2344,/company/JPOLYINVST,JPOLYINVST,1
2345,/company/JINDALSAW,JINDALSAW,1
2346,/company/JSL,JSL,1
2347,/company/JINDALSTEL,JINDALSTEL,1
2348,/company/JINDWORLD,JINDWORLD,1
2349,/company/JIOFIN,JIOFIN,1
2350,/company/JITFINFRA,JITFINFRA,1
2351,/company/JIWANRAM,JIWANRAM,1
2357,/company/JKCEMENT,JKCEMENT,1
2359,/company/JKLAKSHMI,JKLAKSHMI,1
2360,/company/JKPAPER,JKPAPER,1
2362,/company/JKTYRE,JKTYRE,1
2364,/company/JMFINANCIL,JMFINANCIL,1
2368,/company/JOCIL,JOCIL,1
2369,/company/FLATPROD,FLATPROD,1
2372,/company/JCHAC,JCHAC,1
2387,/company/JSWENERGY,JSWENERGY,1
2388,/company/JSWHL,JSWHL,1
2389,/company/JSWINFRA,JSWINFRA,1
2390,/company/JSWISPL,JSWISPL,1
2391,/company/JSWSTEEL,JSWSTEEL,1
2392,/company/JTEKTINDIA,JTEKTINDIA,1
2393,/company/JTLIND,JTLIND,1
2394,/company/JUBLFOOD,JUBLFOOD,1
2395,/company/JUBLINDS,JUBLINDS,1
2396,/company/JUBLINGREA,JUBLINGREA,1
2397,/company/JUBLPHARMA,JUBLPHARMA,1
2402,/company/JMA,JMA,1
2403,/company/JUMBO,JUMBO,1
2406,/company/JLHL,JLHL,1
2407,/company/JWL,JWL,1
2408,/company/JUSTDIAL,JUSTDIAL,1
2410,/company/JYOTHYLAB,JYOTHYLAB,1
2413,/company/JYOTISTRUC,JYOTISTRUC,1
2415,/company/SHREEKRPOL,SHREEKRPOL,1
2416,/company/KCPSUGIND,KCPSUGIND,1
2417,/company/KMSUGAR,KMSUGAR,1
2418,/company/KPRMILL,KPRMILL,1
2424,/company/KABRAEXTRU,KABRAEXTRU,1
2435,/company/KAJARIACER,KAJARIACER,1
2437,/company/KAKATCEM,KAKATCEM,1
2440,/company/KPIL,KPIL,1
2443,/company/KALYANKJIL,KALYANKJIL,1
2445,/company/KALYANIFRG,KALYANIFRG,1
2446,/company/KICL,KICL,1
2447,/company/KSL,KSL,1
2455,/company/KAMATHOTEL,KAMATHOTEL,1
2457,/company/KAMDHENU,KAMDHENU,1
2458,/company/KAMOPAINTS,KAMOPAINTS,1
2460,/company/KANANIIND,KANANIIND,1
2464,/company/KANDAGIRI,KANDAGIRI,1
2465,/company/KANDARP,KANDARP,1
2466,/company/KANELOIL,KANELOIL,1
2471,/company/KANORICHEM,KANORICHEM,1
2474,/company/KANPRPLA,KANPRPLA,1
2475,/company/KANSAINER,KANSAINER,1
2479,/company/KAPSTON,KAPSTON,1
2480,/company/KARMAENG,KARMAENG,1
2482,/company/KARNIKA,KARNIKA,1
2487,/company/KARURVYSYA,KARURVYSYA,1
2488,/company/KASHYAP,KASHYAP,1
2491,/company/KAUSHALYA,KAUSHALYA,1
2492,/company/KSCL,KSCL,1
2493,/company/KAVVERITEL,KAVVERITEL,1
2496,/company/KAYA,KAYA,1
2498,/company/KAYNES,KAYNES,1
2499,/company/KBCGLOBAL,KBCGLOBAL,1
2505,/company/KCK,KCK,1
2507,/company/KCP,KCP,1
2511,/company/KDDL,KDDL,1
2512,/company/KEC,KEC,1
2514,/company/KEI,KEI,1
2516,/company/KELLTONTEC,KELLTONTEC,1
2521,/company/KENNAMET,KENNAMET,1
2524,/company/KERNEX,KERNEX,1
2525,/company/KESARENT,KESARENT,1
2528,/company/KTIL,KTIL,1
2530,/company/KESORAMIND,KESORAMIND,1
2534,/company/KKCL,KKCL,1
2536,/company/KEYFINSERV,KEYFINSERV,1
2537,/company/RUSTOMJEE,RUSTOMJEE,1
2538,/company/KFINTECH,KFINTECH,1
2539,/company/KGDENIM,KGDENIM,1
2541,/company/KHADIM,KHADIM,1
2542,/company/KHAITANLTD,KHAITANLTD,1
2543,/company/KHAICHEM,KHAICHEM,1
2545,/company/KHANDSE,KHANDSE,1
2552,/company/KHFM,KHFM,1
2561,/company/KILBUNENGG,KILBUNENGG,1
2562,/company/KILITCH,KILITCH,1
2565,/company/KINETICENG,KINETICENG,1
2568,/company/KINGFA,KINGFA,1
2570,/company/KIOCL,KIOCL,1
2575,/company/KIRIINDUS,KIRIINDUS,1
2576,/company/KIRLOSBROS,KIRLOSBROS,1
2578,/company/KECL,KECL,1
2579,/company/KIRLFER,KIRLFER,1
2580,/company/KIRLOSIND,KIRLOSIND,1
2581,/company/KIRLOSENG,KIRLOSENG,1
2582,/company/KIRLPNU,KIRLPNU,1
2585,/company/KITEX,KITEX,1
2587,/company/KJMCFIN,KJMCFIN,1
2594,/company/KKVAPOW,KKVAPOW,1
2601,/company/KNAGRI,KNAGRI,1
2603,/company/KNRCON,KNRCON,1
2605,/company/KODYTECH,KODYTECH,1
2606,/company/KOHINOOR,KOHINOOR,1
2607,/company/KOKUYOCMLN,KOKUYOCMLN,1
2609,/company/KOLTEPATIL,KOLTEPATIL,1
2615,/company/KONTOR,KONTOR,1
2616,/company/KOPRAN,KOPRAN,1
2617,/company/KDL,KDL,1
2618,/company/PHILCORP,PHILCORP,1
2619,/company/KOTAKBANK,KOTAKBANK,1
2621,/company/KOTHARIPET,KOTHARIPET,1
2623,/company/KOTHARIPRO,KOTHARIPRO,1
2624,/company/KOTARISUG,KOTARISUG,1
2626,/company/KOTYARK,KOTYARK,1
2627,/company/KOVAI,KOVAI,1
2628,/company/KLRF,KLRF,1
2630,/company/KPIGREEN,KPIGREEN,1
2631,/company/KPITTECH,KPITTECH,1
2636,/company/KRBL,KRBL,1
2637,/company/KREBSBIO,KREBSBIO,1
2641,/company/KRIDHANINF,KRIDHANINF,1
2643,/company/KRISHANA,KRISHANA,1
2645,/company/KRISHCA,KRISHCA,1
2646,/company/KRISHIVAL,KRISHIVAL,1
2651,/company/KRISHNADEF,KRISHNADEF,1
2652,/company/KRISNAFILA,KRISNAFILA,1
2654,/company/KIMS,KIMS,1
2656,/company/KRITI,KRITI,1
2657,/company/KRITINUT,KRITINUT,1
2658,/company/KRITIKA,KRITIKA,1
2660,/company/KRSNAA,KRSNAA,1
2662,/company/KSB,KSB,1
2663,/company/KSE,KSE,1
2664,/company/KSHITIJPOL,KSHITIJPOL,1
2666,/company/KSOLVES,KSOLVES,1
2667,/company/KUANTUM,KUANTUM,1
2674,/company/KEL,KEL,1
2676,/company/SUZLONFIBR,SUZLONFIBR,1
2685,/company/L&TFH,L&TFH,1
2686,/company/LTTS,LTTS,1
2687,/company/LAOPALA,LAOPALA,1
2694,/company/LAGNAM,LAGNAM,1
2698,/company/LAKSELECON,LAKSELECON,1
2699,/company/LFIC,LFIC,1
2700,/company/LAXMIMACH,LAXMIMACH,1
2701,/company/LAKSHMIMIL,LAKSHMIMIL,1
2702,/company/LAKPRE,LAKPRE,1
2703,/company/LAMBODHARA,LAMBODHARA,1
2705,/company/LANCER,LANCER,1
2708,/company/LANDMARK,LANDMARK,1
2709,/company/LPDC,LPDC,1
2711,/company/LT,LT,1
2712,/company/LASA,LASA,1
2715,/company/LATENTVIEW,LATENTVIEW,1
2716,/company/LATTEYS,LATTEYS,1
2717,/company/LAURUSLABS,LAURUSLABS,1
2720,/company/LAXMICOT,LAXMICOT,1
2721,/company/LGHL,LGHL,1
2722,/company/LXCHEM,LXCHEM,1
2724,/company/LCCINFOTEC,LCCINFOTEC,1
2726,/company/LEMERITE,LEMERITE,1
2728,/company/LRRPL,LRRPL,1
2734,/company/LEMONTREE,LEMONTREE,1
2740,/company/LEXUS,LEXUS,1
2741,/company/LGBBROSLTD,LGBBROSLTD,1
2742,/company/LGBFORGE,LGBFORGE,1
2743,/company/LIBAS,LIBAS,1
2744,/company/LIBERTSHOE,LIBERTSHOE,1
2748,/company/LICHSGFIN,LICHSGFIN,1
2749,/company/LICI,LICI,1
2752,/company/LIKHITHA,LIKHITHA,1
2756,/company/LINC,LINC,1
2757,/company/LINCOLN,LINCOLN,1
2758,/company/LINDEINDIA,LINDEINDIA,1
2765,/company/LKPMERFIN,LKPMERFIN,1
2767,/company/LLOYDSENGG,LLOYDSENGG,1
2769,/company/LLOYDS,LLOYDS,1
2770,/company/LLOYDSME,LLOYDSME,1
2775,/company/LOKESHMACH,LOKESHMACH,1
2778,/company/LORDSCHLO,LORDSCHLO,1
2780,/company/LAL,LAL,1
2782,/company/LOTUSEYE,LOTUSEYE,1
2784,/company/LOVABLE,LOVABLE,1
2786,/company/LOYALTEX,LOYALTEX,1
2787,/company/LTFOODS,LTFOODS,1
2788,/company/LTIM,LTIM,1
2793,/company/LUMAXTECH,LUMAXTECH,1
2794,/company/LUMAXIND,LUMAXIND,1
2795,/company/LUPIN,LUPIN,1
2796,/company/LUXIND,LUXIND,1
2798,/company/LYKALABS,LYKALABS,1
2802,/company/LYPSAGEMS,LYPSAGEMS,1
2807,/company/MAANALU,MAANALU,1
2814,/company/MACPOWER,MACPOWER,1
2816,/company/LODHA,LODHA,1
2818,/company/MCL,MCL,1
2820,/company/MADHAV,MADHAV,1
2821,/company/MADHUCON,MADHUCON,1
2822,/company/MADHURFOOD,MADHURFOOD,1
2824,/company/MADSUDIND,MADSUDIND,1
2825,/company/MADHUSUDAN,MADHUSUDAN,1
2828,/company/MBAPL,MBAPL,1
2830,/company/MPTODAY,MPTODAY,1
2831,/company/MADRASFERT,MADRASFERT,1
2834,/company/MAFATLAIND,MAFATLAIND,1
2836,/company/MAGADSUGAR,MAGADSUGAR,1
2843,/company/MAGNUM,MAGNUM,1
2844,/company/MAGSON,MAGSON,1
2845,/company/MAHAPEXLTD,MAHAPEXLTD,1
2848,/company/MHLXMIRU,MHLXMIRU,1
2851,/company/MAHASTEEL,MAHASTEEL,1
2854,/company/MGL,MGL,1
2855,/company/MTNL,MTNL,1
2857,/company/MAHSCOOTER,MAHSCOOTER,1
2858,/company/MAHSEAMLES,MAHSEAMLES,1
2865,/company/MAHESHWARI,MAHESHWARI,1
2866,/company/MAHICKRA,MAHICKRA,1
2870,/company/MANJEERA,MANJEERA,1
2873,/company/MANKIND,MANKIND,1
2875,/company/MVGJL,MVGJL,1
2876,/company/MANOMAY,MANOMAY,1
2878,/company/MANORAMA,MANORAMA,1
2884,/company/MANUGRAPH,MANUGRAPH,1
2886,/company/MARALOVER,MARALOVER,1
2887,/company/MARATHON,MARATHON,1
2890,/company/MARCO,MARCO,1
2895,/company/MARICO,MARICO,1
2897,/company/MARINE,MARINE,1
2901,/company/MARKSANS,MARKSANS,1
2903,/company/MARSHALL,MARSHALL,1
2909,/company/MARUTI,MARUTI,1
2910,/company/MDL,MDL,1
2912,/company/MASFIN,MASFIN,1
2913,/company/MASKINVEST,MASKINVEST,1
2914,/company/MASTEK,MASTEK,1
2915,/company/MASTER,MASTER,1
2919,/company/MATRIMONY,MATRIMONY,1
2924,/company/MAWANASUG,MAWANASUG,1
2926,/company/MAXESTATES,MAXESTATES,1
2927,/company/MFSL,MFSL,1
2928,/company/MAXHEALTH,MAXHEALTH,1
2929,/company/MAXIND,MAXIND,1
2930,/company/MAXVIL,MAXVIL,1
2940,/company/MAYURUNIQ,MAYURUNIQ,1
2941,/company/MAZDOCK,MAZDOCK,1
2942,/company/MAZDA,MAZDA,1
2944,/company/MBLINFRA,MBLINFRA,1
2947,/company/MCLEODRUSS,MCLEODRUSS,1
2949,/company/MBECL,MBECL,1
2951,/company/MCON,MCON,1
2955,/company/MEDICAPS,MEDICAPS,1
2956,/company/MMWL,MMWL,1
2959,/company/MEDICAMEQ,MEDICAMEQ,1
2961,/company/MEDICO,MEDICO,1
2963,/company/MEDPLUS,MEDPLUS,1
2969,/company/MEGAFLEX,MEGAFLEX,1
2971,/company/MEGASOFT,MEGASOFT,1
2972,/company/MEGASTAR,MEGASTAR,1
2973,/company/MOL,MOL,1
2979,/company/MELSTAR,MELSTAR,1
2982,/company/MENONBE,MENONBE,1
2984,/company/MEP,MEP,1
2996,/company/METALFORGE,METALFORGE,1
2998,/company/METROBRAND,METROBRAND,1
3000,/company/GLOBABOARD,GLOBABOARD,1
3001,/company/METROPOLIS,METROPOLIS,1
3005,/company/MICEL,MICEL,1
3006,/company/MICROPRO,MICROPRO,1
3008,/company/MIDINDIA,MIDINDIA,1
3019,/company/MILTON,MILTON,1
3022,/company/MINDACORP,MINDACORP,1
3023,/company/MINDPOOL,MINDPOOL,1
3024,/company/MINDTECK,MINDTECK,1
3029,/company/MIRCELECTR,MIRCELECTR,1
3030,/company/MIRZAINT,MIRZAINT,1
3033,/company/MIDHANI,MIDHANI,1
3036,/company/MITCON,MITCON,1
3039,/company/MITTAL,MITTAL,1
3042,/company/MKPL,MKPL,1
3049,/company/MMFL,MMFL,1
3051,/company/MMP,MMP,1
3052,/company/MMTC,MMTC,1
3059,/company/MODINSULAT,MODINSULAT,1
3063,/company/MODIRUBBER,MODIRUBBER,1
3066,/company/MODIPON,MODIPON,1
3067,/company/MODISONLTD,MODISONLTD,1
3070,/company/MHHL,MHHL,1
3071,/company/MOHITIND,MOHITIND,1
3074,/company/MOHOTAIND,MOHOTAIND,1
3076,/company/MOIL,MOIL,1
3077,/company/MOKSH,MOKSH,1
3078,/company/MOLDTKPAC,MOLDTKPAC,1
3079,/company/MOLDTECH,MOLDTECH,1
3081,/company/MONARCH,MONARCH,1
3089,/company/MONTECARLO,MONTECARLO,1
3092,/company/MORARJEE,MORARJEE,1
3094,/company/MOREPENLAB,MOREPENLAB,1
3098,/company/MOS,MOS,1
3100,/company/MSUMI,MSUMI,1
3103,/company/MOTILALOFS,MOTILALOFS,1
3106,/company/MOXSH,MOXSH,1
3111,/company/MPHASIS,MPHASIS,1
3112,/company/MATHPLATT,MATHPLATT,1
3113,/company/MILTONPLAS,MILTONPLAS,1
3114,/company/VISESHINFO,VISESHINFO,1
3115,/company/MPSLTD,MPSLTD,1
3118,/company/MRF,MRF,1
3121,/company/MRO-TEK,MRO-TEK,1
3123,/company/BECTORFOOD,BECTORFOOD,1
3126,/company/MSPL,MSPL,1
3128,/company/MSTCLTD,MSTCLTD,1
3129,/company/MTEDUCARE,MTEDUCARE,1
3130,/company/MTARTECH,MTARTECH,1
3134,/company/MUFIN,MUFIN,1
3135,/company/MUKANDLTD,MUKANDLTD,1
3136,/company/MUKATPIPE,MUKATPIPE,1
3141,/company/MUKTAARTS,MUKTAARTS,1
3143,/company/MCX,MCX,1
3149,/company/MUNJALAU,MUNJALAU,1
3150,/company/MUNJALSHOW,MUNJALSHOW,1
3154,/company/MURUDCERA,MURUDCERA,1
3155,/company/RADIOCITY,RADIOCITY,1
3156,/company/MUTHOOTCAP,MUTHOOTCAP,1
3157,/company/MUTHOOTFIN,MUTHOOTFIN,1
3162,/company/MYSORPETRO,MYSORPETRO,1
3165,/company/NBIFIN,NBIFIN,1
3168,/company/NACLIND,NACLIND,1
3169,/company/NDGL,NDGL,1
3172,/company/NAGAFERT,NAGAFERT,1
3175,/company/NAGREEKCAP,NAGREEKCAP,1
3176,/company/NAGREEKEXP,NAGREEKEXP,1
3177,/company/NAHARCAP,NAHARCAP,1
3179,/company/NAHARINDUS,NAHARINDUS,1
3180,/company/NAHARPOLY,NAHARPOLY,1
3181,/company/NAHARSPING,NAHARSPING,1
3184,/company/NGIL,NGIL,1
3188,/company/NSIL,NSIL,1
3194,/company/NDL,NDL,1
3195,/company/JAIPURKURT,JAIPURKURT,1
3199,/company/NH,NH,1
3202,/company/NARMADA,NARMADA,1
3204,/company/SHAWGELTIN,SHAWGELTIN,1
3207,/company/NATCOPHARM,NATCOPHARM,1
3208,/company/NATHBIOGEN,NATHBIOGEN,1
3210,/company/NATIONALUM,NATIONALUM,1
3213,/company/NFL,NFL,1
3216,/company/NOL,NOL,1
3217,/company/NATPEROXID,NATPEROXID,1
3230,/company/NAVA,NAVA,1
3233,/company/NAVINFLUOR,NAVINFLUOR,1
3234,/company/NAVKARCORP,NAVKARCORP,1
3236,/company/NAVNETEDUL,NAVNETEDUL,1
3242,/company/NAZARA,NAZARA,1
3244,/company/NBCC,NBCC,1
3246,/company/NCC,NCC,1
3247,/company/NCLIND,NCLIND,1
3251,/company/NDLVENTURE,NDLVENTURE,1
3252,/company/NDRAUTO,NDRAUTO,1
3256,/company/NECLIFE,NECLIFE,1
3271,/company/NELCAST,NELCAST,1
3272,/company/NELCO,NELCO,1
3278,/company/NEOGEN,NEOGEN,1
3280,/company/NESCO,NESCO,1
3281,/company/NESTLEIND,NESTLEIND,1
3286,/company/NETWEB,NETWEB,1
3287,/company/NETWORK18,NETWORK18,1
3288,/company/NPST,NPST,1
3289,/company/NEULANDLAB,NEULANDLAB,1
3292,/company/NDTV,NDTV,1
3299,/company/NEWGEN,NEWGEN,1
3300,/company/NEWJAISA,NEWJAISA,1
3302,/company/NEXTMEDIA,NEXTMEDIA,1
3305,/company/NGLFINE,NGLFINE,1
3308,/company/NHPC,NHPC,1
3312,/company/NIDAN,NIDAN,1
3320,/company/NIITMTS,NIITMTS,1
3321,/company/NIITLTD,NIITLTD,1
3325,/company/NILAINFRA,NILAINFRA,1
3326,/company/NILASPACES,NILASPACES,1
3329,/company/NILKAMAL,NILKAMAL,1
3332,/company/NINSYS,NINSYS,1
3334,/company/NAM-INDIA,NAM-INDIA,1
3335,/company/NIRAJ,NIRAJ,1
3338,/company/NIRLON,NIRLON,1
3340,/company/NIRMAN,NIRMAN,1
3344,/company/NITCO,NITCO,1
3346,/company/NITINSPIN,NITINSPIN,1
3347,/company/NITIRAJ,NITIRAJ,1
3348,/company/KERALACHEM,KERALACHEM,1
3353,/company/NKIND,NKIND,1
3355,/company/NLCINDIA,NLCINDIA,1
3356,/company/NMDC,NMDC,1
3357,/company/NSLNISP,NSLNISP,1
3359,/company/NOCIL,NOCIL,1
3360,/company/NOIDATOLL,NOIDATOLL,1
3362,/company/NORBTEAEXP,NORBTEAEXP,1
3365,/company/NECCLTD,NECCLTD,1
3373,/company/NOVAIRNSTL,NOVAIRNSTL,1
3375,/company/NOVARTIND,NOVARTIND,1
3380,/company/NRAIL,NRAIL,1
3381,/company/NRBBEARING,NRBBEARING,1
3382,/company/NIBL,NIBL,1
3385,/company/NTPC,NTPC,1
3387,/company/NUCLEUS,NUCLEUS,1
3389,/company/NRL,NRL,1
3390,/company/NURECA,NURECA,1
3393,/company/NUVAMA,NUVAMA,1
3394,/company/NUVOCO,NUVOCO,1
3398,/company/OBEROIRLTY,OBEROIRLTY,1
3406,/company/ONGC,ONGC,1
3407,/company/OILCOUNTUB,OILCOUNTUB,1
3408,/company/OIL,OIL,1
3413,/company/OLECTRA,OLECTRA,1
3420,/company/OMINFRAL,OMINFRAL,1
3424,/company/OMAXAUTO,OMAXAUTO,1
3425,/company/OMAXE,OMAXE,1
3428,/company/OMFURN,OMFURN,1
3432,/company/OMKARCHEM,OMKARCHEM,1
3437,/company/ONDOOR,ONDOOR,1
3439,/company/ONEPOINT,ONEPOINT,1
3440,/company/PAYTM,PAYTM,1
3441,/company/OLIL,OLIL,1
3442,/company/ONELIFECAP,ONELIFECAP,1
3444,/company/ONMOBILE,ONMOBILE,1
3446,/company/ONWARDTEC,ONWARDTEC,1
3449,/company/OPTIEMUS,OPTIEMUS,1
3451,/company/OFSS,OFSS,1
3452,/company/ORBTEXP,ORBTEXP,1
3455,/company/ORCHPHARMA,ORCHPHARMA,1
3459,/company/ORIANA,ORIANA,1
3460,/company/ORICONENT,ORICONENT,1
3461,/company/ORIENTBELL,ORIENTBELL,1
3463,/company/ORIENTCEM,ORIENTCEM,1
3464,/company/ORIENTCER,ORIENTCER,1
3465,/company/ORIENTELEC,ORIENTELEC,1
3467,/company/GREENPOWER,GREENPOWER,1
3469,/company/ORIENTPPR,ORIENTPPR,1
3470,/company/ORIENTLTD,ORIENTLTD,1
3473,/company/OAL,OAL,1
3474,/company/OCCL,OCCL,1
3475,/company/ORIENTHOT,ORIENTHOT,1
3477,/company/ORIENTALTL,ORIENTALTL,1
3478,/company/OBCL,OBCL,1
3483,/company/ORTEL,ORTEL,1
3484,/company/ORTINLAB,ORTINLAB,1
3486,/company/OSIAHYPER,OSIAHYPER,1
3489,/company/OSWALAGRO,OSWALAGRO,1
3490,/company/OSWALGREEN,OSWALGREEN,1
3500,/company/PACIFICIND,PACIFICIND,1
3505,/company/PADMALAYAT,PADMALAYAT,1
3508,/company/PAEL,PAEL,1
3510,/company/PAGEIND,PAGEIND,1
3511,/company/PAISALO,PAISALO,1
3512,/company/PAKKA,PAKKA,1
3513,/company/PALASHSECU,PALASHSECU,1
3517,/company/PALREDTEC,PALREDTEC,1
3519,/company/SRGINFOTEC,SRGINFOTEC,1
3521,/company/PANACEABIO,PANACEABIO,1
3522,/company/PANACHE,PANACHE,1
3524,/company/PANAMAPET,PANAMAPET,1
3525,/company/PANCARBON,PANCARBON,1
3526,/company/LAKHNNATNL,LAKHNNATNL,1
3527,/company/PANCHMSTEL,PANCHMSTEL,1
3529,/company/PANCHSHEEL,PANCHSHEEL,1
3538,/company/PANSARI,PANSARI,1
3540,/company/PANYAMCEM,PANYAMCEM,1
3542,/company/PAR,PAR,1
3543,/company/PARADEEP,PARADEEP,1
3544,/company/PARAGMILK,PARAGMILK,1
3546,/company/PARAGON,PARAGON,1
3547,/company/PARACABLES,PARACABLES,1
3551,/company/PARAS,PARAS,1
3552,/company/PARASPETRO,PARASPETRO,1
3554,/company/PDPL,PDPL,1
3556,/company/PARIN,PARIN,1
3565,/company/PARSVNATH,PARSVNATH,1
3567,/company/PARTYCRUS,PARTYCRUS,1
3570,/company/PASHUPATI,PASHUPATI,1
3571,/company/PASUPTAC,PASUPTAC,1
3572,/company/PASUPATSPG,PASUPATSPG,1
3573,/company/PATANJALI,PATANJALI,1
3575,/company/PATELENG,PATELENG,1
3577,/company/PATINTLOG,PATINTLOG,1
3582,/company/PATSPINLTD,PATSPINLTD,1
3587,/company/PAVNAIND,PAVNAIND,1
3588,/company/POLICYBZR,POLICYBZR,1
3589,/company/PBAINFRA,PBAINFRA,1
3591,/company/PCJEWELLER,PCJEWELLER,1
3592,/company/PCBL,PCBL,1
3594,/company/PDSL,PDSL,1
3595,/company/PROPEQUITY,PROPEQUITY,1
3597,/company/PGIL,PGIL,1
3599,/company/PEARLPOLY,PEARLPOLY,1
3604,/company/PENINLAND,PENINLAND,1
3606,/company/PENIND,PENIND,1
3607,/company/PENTAGOLD,PENTAGOLD,1
3608,/company/PENTAGON,PENTAGON,1
3612,/company/PERFECT,PERFECT,1
3616,/company/PERMAGNET,PERMAGNET,1
3617,/company/PERSISTENT,PERSISTENT,1
3618,/company/PETRONET,PETRONET,1
3619,/company/PFIZER,PFIZER,1
3621,/company/PGEL,PGEL,1
3625,/company/PHANTOMFX,PHANTOMFX,1
3628,/company/PHOENXINTL,PHOENXINTL,1
3634,/company/PIIND,PIIND,1
3636,/company/PICCADSUG,PICCADSUG,1
3638,/company/PIDILITIND,PIDILITIND,1
3639,/company/PILITA,PILITA,1
3640,/company/PILANIINVS,PILANIINVS,1
3644,/company/PIONEEREMB,PIONEEREMB,1
3648,/company/PEL,PEL,1
3649,/company/PPLPHARMA,PPLPHARMA,1
3650,/company/PITTIENG,PITTIENG,1
3651,/company/PIXTRANS,PIXTRANS,1
3656,/company/PLADAINFO,PLADAINFO,1
3657,/company/PLASTIBLEN,PLASTIBLEN,1
3660,/company/PLAZACABLE,PLAZACABLE,1
3668,/company/PNBGILTS,PNBGILTS,1
3669,/company/PNBHOUSING,PNBHOUSING,1
3671,/company/PNCINFRA,PNCINFRA,1
3676,/company/PODDARHOUS,PODDARHOUS,1
3677,/company/PODDARMENT,PODDARMENT,1
3678,/company/POKARNA,POKARNA,1
3683,/company/POLYMED,POLYMED,1
3684,/company/POLYCAB,POLYCAB,1
3685,/company/POLYCHEM,POLYCHEM,1
3691,/company/POLYPLEX,POLYPLEX,1
3697,/company/POCL,POCL,1
3698,/company/PONNIERODE,PONNIERODE,1
3702,/company/POONAWALLA,POONAWALLA,1
3706,/company/PIGL,PIGL,1
3707,/company/PFC,PFC,1
3708,/company/POWERGRID,POWERGRID,1
3710,/company/POWERMECH,POWERMECH,1
3712,/company/PPAP,PPAP,1
3724,/company/PRAGBOSIMI,PRAGBOSIMI,1
3726,/company/PRAJIND,PRAJIND,1
3727,/company/PRAENG,PRAENG,1
3729,/company/PRAKASH,PRAKASH,1
3730,/company/PPL,PPL,1
3731,/company/PRAKASHSTL,PRAKASHSTL,1
3737,/company/DIAMONDYD,DIAMONDYD,1
3744,/company/PRAXIS,PRAXIS,1
3745,/company/PRECAM,PRECAM,1
3748,/company/PRECISION,PRECISION,1
3749,/company/PRECWIRE,PRECWIRE,1
3750,/company/PRECOT,PRECOT,1
3756,/company/PREMEXPLN,PREMEXPLN,1
3758,/company/PREMIER,PREMIER,1
3759,/company/PREMIERPOL,PREMIERPOL,1
3767,/company/PRESSMN,PRESSMN,1
3770,/company/PRESTIGE,PRESTIGE,1
3772,/company/PRICOLLTD,PRICOLLTD,1
3778,/company/PFOCUS,PFOCUS,1
3782,/company/PRIMESECU,PRIMESECU,1
3785,/company/PUNALKALI,PUNALKALI,1
3786,/company/PRINCEPIPE,PRINCEPIPE,1
3788,/company/PRSMJOHNSN,PRSMJOHNSN,1
3793,/company/PRITHVISOF,PRITHVISOF,1
3794,/company/PRITI,PRITI,1
3795,/company/PRITIKAUTO,PRITIKAUTO,1
3796,/company/PRITIKA,PRITIKA,1
3797,/company/PNC,PNC,1
3798,/company/PRIVISCL,PRIVISCL,1
3801,/company/PRIYADYES,PRIYADYES,1
3805,/company/PGHL,PGHL,1
3806,/company/PGHH,PGHH,1
3811,/company/PROLIFE,PROLIFE,1
3819,/company/PROV,PROV,1
3820,/company/PROZONER,PROZONER,1
3821,/company/PRUDENT,PRUDENT,1
3822,/company/PSPPROJECT,PSPPROJECT,1
3824,/company/PFS,PFS,1
3825,/company/PTC,PTC,1
3826,/company/PTCIL,PTCIL,1
3827,/company/PTL,PTL,1
3828,/company/PDMJEPAPER,PDMJEPAPER,1
3831,/company/PULZ,PULZ,1
3832,/company/PSB,PSB,1
3833,/company/PUNJABCHEM,PUNJABCHEM,1
3834,/company/PUNJCOMMU,PUNJCOMMU,1
3835,/company/PNB,PNB,1
3838,/company/PURVA,PURVA,1
3848,/company/PVP,PVP,1
3849,/company/PVRINOX,PVRINOX,1
3851,/company/PYRAMID,PYRAMID,1
3855,/company/QMSMEDI,QMSMEDI,1
3856,/company/QUADPRO,QUADPRO,1
3858,/company/QFIL,QFIL,1
3864,/company/QUESS,QUESS,1
3868,/company/QUICKHEAL,QUICKHEAL,1
3869,/company/QUICKTOUCH,QUICKTOUCH,1
3871,/company/QUINTEGRA,QUINTEGRA,1
3872,/company/RSYSTEMS,RSYSTEMS,1
3874,/company/RPPINFRA,RPPINFRA,1
3879,/company/RACE,RACE,1
3880,/company/RILINFRA,RILINFRA,1
3882,/company/RADAAN,RADAAN,1
3883,/company/RMCL,RMCL,1
3888,/company/RADHIKAJWE,RADHIKAJWE,1
3890,/company/RADIANTCMS,RADIANTCMS,1
3892,/company/RADICO,RADICO,1
3900,/company/RVNL,RVNL,1
3901,/company/RAILTEL,RAILTEL,1
3902,/company/RAIN,RAIN,1
3903,/company/RAINBOW,RAINBOW,1
3907,/company/ROML,ROML,1
3909,/company/RAJRILTD,RAJRILTD,1
3910,/company/RAJTV,RAJTV,1
3912,/company/RAJPALAYAM,RAJPALAYAM,1
3915,/company/RAJASPETRO,RAJASPETRO,1
3920,/company/ARENTERP,ARENTERP,1
3922,/company/RAJESHEXPO,RAJESHEXPO,1
3925,/company/RCDL,RCDL,1
3929,/company/RAJMET,RAJMET,1
3935,/company/RAJRATAN,RAJRATAN,1
3936,/company/RPPL,RPPL,1
3937,/company/RAJSREESUG,RAJSREESUG,1
3939,/company/RAJVIR,RAJVIR,1
3940,/company/RALLIS,RALLIS,1
3942,/company/RAMRAT,RAMRAT,1
3944,/company/RAMAPETRO,RAMAPETRO,1
3945,/company/RAMAPHO,RAMAPHO,1
3946,/company/RAMASTEEL,RAMASTEEL,1
3947,/company/RAMAVISION,RAMAVISION,1
3950,/company/RAMCOIND,RAMCOIND,1
3952,/company/RAMCOSYS,RAMCOSYS,1
3953,/company/RAMGOPOLY,RAMGOPOLY,1
3954,/company/RKFORGE,RKFORGE,1
3955,/company/RAMKY,RAMKY,1
3960,/company/RANASUG,RANASUG,1
3963,/company/RML,RML,1
3964,/company/RBL,RBL,1
3965,/company/RANEENGINE,RANEENGINE,1
3966,/company/RANEHOLDIN,RANEHOLDIN,1
3976,/company/RCF,RCF,1
3978,/company/RATEGAIN,RATEGAIN,1
3985,/company/RATNAMANI,RATNAMANI,1
3986,/company/RATNAVEER,RATNAVEER,1
3987,/company/RTNINDIA,RTNINDIA,1
3988,/company/RTNPOWER,RTNPOWER,1
3990,/company/RAVALSUGAR,RAVALSUGAR,1
3991,/company/RKDL,RKDL,1
3993,/company/RVHL,RVHL,1
3998,/company/RAYMOND,RAYMOND,1
4000,/company/RBLBANK,RBLBANK,1
4001,/company/RBMINFRA,RBMINFRA,1
4012,/company/RECLTD,RECLTD,1
4013,/company/REDINGTON,REDINGTON,1
4014,/company/REDTAPE,REDTAPE,1
4016,/company/REFEX,REFEX,1
4021,/company/REGENCERAM,REGENCERAM,1
4027,/company/RELAXO,RELAXO,1
4028,/company/RELIABLE,RELIABLE,1
4030,/company/RELCAPITAL,RELCAPITAL,1
4031,/company/RELCHEMQ,RELCHEMQ,1
4032,/company/RCOM,RCOM,1
4034,/company/RHFL,RHFL,1
4035,/company/RIIL,RIIL,1
4036,/company/RELIANCE,RELIANCE,1
4038,/company/RELINFRA,RELINFRA,1
4040,/company/RNAVAL,RNAVAL,1
4042,/company/RPOWER,RPOWER,1
4045,/company/RELIGARE,RELIGARE,1
4048,/company/REMSONSIND,REMSONSIND,1
4049,/company/REMUS,REMUS,1
4050,/company/RGL,RGL,1
4052,/company/REPCOHOME,REPCOHOME,1
4053,/company/REPRO,REPRO,1
4058,/company/RESPONIND,RESPONIND,1
4059,/company/RBA,RBA,1
4063,/company/REXPIPES,REXPIPES,1
4068,/company/RHIM,RHIM,1
4072,/company/RICHA,RICHA,1
4075,/company/RICOAUTO,RICOAUTO,1
4088,/company/RISHABH,RISHABH,1
4090,/company/RISHIPACK,RISHIPACK,1
4095,/company/RITCO,RITCO,1
4096,/company/RITEZONE,RITEZONE,1
4097,/company/RITES,RITES,1
4110,/company/RKEC,RKEC,1
4113,/company/RMDRIP,RMDRIP,1
4119,/company/RHL,RHL,1
4124,/company/ROLEXRINGS,ROLEXRINGS,1
4125,/company/ROLLT,ROLLT,1
4126,/company/ROLTA,ROLTA,1
4134,/company/ROSSARI,ROSSARI,1
4135,/company/ROSSELLIND,ROSSELLIND,1
4136,/company/ROTO,ROTO,1
4138,/company/ROUTE,ROUTE,1
4139,/company/ROXHITECH,ROXHITECH,1
4140,/company/ROYALCUSHN,ROYALCUSHN,1
4142,/company/ROHLTD,ROHLTD,1
4145,/company/RPGLIFE,RPGLIFE,1
4146,/company/RPSGVENT,RPSGVENT,1
4149,/company/RRKABEL,RRKABEL,1
4156,/company/RSSOFTWARE,RSSOFTWARE,1
4160,/company/RSWM,RSWM,1
4163,/company/RUBFILINTL,RUBFILINTL,1
4164,/company/RUCHINFRA,RUCHINFRA,1
4165,/company/RUCHIRA,RUCHIRA,1
4167,/company/REPL,REPL,1
4171,/company/RUPA,RUPA,1
4172,/company/RUSHIL,RUSHIL,1
4175,/company/SCHAND,SCHAND,1
4176,/company/S&SPOWER,S&SPOWER,1
4178,/company/SPAL,SPAL,1
4183,/company/SAAKSHI,SAAKSHI,1
4185,/company/SABEVENTS,SABEVENTS,1
4187,/company/SABAR,SABAR,1
4192,/company/SADBHAV,SADBHAV,1
4193,/company/SADBHIN,SADBHIN,1
4194,/company/SADHNANIQ,SADHNANIQ,1
4197,/company/SAFARI,SAFARI,1
4199,/company/SAGCEM,SAGCEM,1
4205,/company/SAGARDEEP,SAGARDEEP,1
4207,/company/SAH,SAH,1
4208,/company/SAHAJ,SAHAJ,1
4209,/company/SAHANA,SAHANA,1
4213,/company/SAHYADRI,SAHYADRI,1
4216,/company/KALAMANDIR,KALAMANDIR,1
4223,/company/SAKAR,SAKAR,1
4226,/company/SAKSOFT,SAKSOFT,1
4227,/company/SAKTHIFIN,SAKTHIFIN,1
4228,/company/SAKHTISUG,SAKHTISUG,1
4229,/company/SAKUMA,SAKUMA,1
4231,/company/SALSTEEL,SALSTEEL,1
4232,/company/SECL,SECL,1
4233,/company/SALASAR,SALASAR,1
4237,/company/SALONA,SALONA,1
4238,/company/SALORAINTL,SALORAINTL,1
4239,/company/SALZERELEC,SALZERELEC,1
4240,/company/SAMINDUS,SAMINDUS,1
4241,/company/SAMBANDAM,SAMBANDAM,1
4242,/company/SAMBHAAV,SAMBHAAV,1
4243,/company/SAMHI,SAMHI,1
4246,/company/SAMPANN,SAMPANN,1
4253,/company/MOTHERSON,MOTHERSON,1
4255,/company/BAKELHYLAM,BAKELHYLAM,1
4258,/company/SANCO,SANCO,1
4261,/company/SANDHAR,SANDHAR,1
4263,/company/SANDUMA,SANDUMA,1
4266,/company/SANGAMIND,SANGAMIND,1
4269,/company/SANGANI,SANGANI,1
4271,/company/SANGHIIND,SANGHIIND,1
4273,/company/SANGHVIMOV,SANGHVIMOV,1
4274,/company/SANGINITA,SANGINITA,1
4280,/company/SANOFI,SANOFI,1
4282,/company/SANSERA,SANSERA,1
4285,/company/SANWARIA,SANWARIA,1
4286,/company/SAPPHIRE,SAPPHIRE,1
4294,/company/SARDAEN,SARDAEN,1
4296,/company/SAREGAMA,SAREGAMA,1
4297,/company/SARLAPOLY,SARLAPOLY,1
4299,/company/SAROJA,SAROJA,1
4301,/company/SARTHAKIND,SARTHAKIND,1
4302,/company/SMLT,SMLT,1
4307,/company/SARVESHWAR,SARVESHWAR,1
4311,/company/SASKEN,SASKEN,1
4312,/company/SASTASUNDR,SASTASUNDR,1
4313,/company/SATINDLTD,SATINDLTD,1
4315,/company/NITESHEST,NITESHEST,1
4317,/company/SATIA,SATIA,1
4319,/company/SATIN,SATIN,1
4327,/company/SAURASHCEM,SAURASHCEM,1
4332,/company/SAVERA,SAVERA,1
4333,/company/SOTL,SOTL,1
4336,/company/SAYAJIHOTL,SAYAJIHOTL,1
4339,/company/SBC,SBC,1
4342,/company/SBFC,SBFC,1
4343,/company/SBICARD,SBICARD,1
4344,/company/SBILIFE,SBILIFE,1
4353,/company/SCHAEFFLER,SCHAEFFLER,1
4354,/company/SCHNEIDER,SCHNEIDER,1
4364,/company/SEAMECLTD,SEAMECLTD,1
4366,/company/SECMARK,SECMARK,1
4367,/company/SECURCRED,SECURCRED,1
4368,/company/SECURKLOUD,SECURKLOUD,1
4372,/company/SEJALLTD,SEJALLTD,1
4373,/company/SELMC,SELMC,1
4374,/company/SELAN,SELAN,1
4376,/company/SEMAC,SEMAC,1
4379,/company/SENCO,SENCO,1
4382,/company/SEPC,SEPC,1
4383,/company/SEQUENT,SEQUENT,1
4385,/company/SERVICE,SERVICE,1
4387,/company/SERVOTECH,SERVOTECH,1
4388,/company/SESHAPAPER,SESHAPAPER,1
4389,/company/SETCO,SETCO,1
4391,/company/SETUINFRA,SETUINFRA,1
4396,/company/SEYAIND,SEYAIND,1
4402,/company/SHK,SHK,1
4403,/company/SHAHALLOYS,SHAHALLOYS,1
4406,/company/SHAH,SHAH,1
4410,/company/SHAILY,SHAILY,1
4411,/company/SHAKTIPUMP,SHAKTIPUMP,1
4413,/company/SHALBY,SHALBY,1
4417,/company/SHALPAINTS,SHALPAINTS,1
4423,/company/SHANKARA,SHANKARA,1
4425,/company/SHANTHALA,SHANTHALA,1
4426,/company/SHANTIGEAR,SHANTIGEAR,1
4428,/company/SHANTI,SHANTI,1
4436,/company/SHARDACROP,SHARDACROP,1
4438,/company/SHARDAMOTR,SHARDAMOTR,1
4440,/company/SHRIYAMSEC,SHRIYAMSEC,1
4441,/company/SHAREINDIA,SHAREINDIA,1
4444,/company/SCML,SCML,1
4446,/company/KALYANISHP,KALYANISHP,1
4453,/company/SFL,SFL,1
4454,/company/SCPL,SCPL,1
4457,/company/SPYL,SPYL,1
4460,/company/SHEMAROO,SHEMAROO,1
4461,/company/SHERA,SHERA,1
4464,/company/SHETRON,SHETRON,1
4465,/company/SHIGAN,SHIGAN,1
4468,/company/SHILPAMED,SHILPAMED,1
4470,/company/SCI,SCI,1
4472,/company/SHIVAUM,SHIVAUM,1
4478,/company/SHIVAMILLS,SHIVAMILLS,1
4480,/company/SHIVATEX,SHIVATEX,1
4482,/company/SBCL,SBCL,1
4483,/company/SHIVALIK,SHIVALIK,1
4484,/company/SHIVAMAUTO,SHIVAMAUTO,1
4490,/company/SHOPERSTOP,SHOPERSTOP,1
4494,/company/SHRADHA,SHRADHA,1
4502,/company/SHREECEM,SHREECEM,1
4503,/company/SHREDIGCEM,SHREDIGCEM,1
4518,/company/OSWALSEEDS,OSWALSEEDS,1
4520,/company/SHPRE,SHPRE,1
4521,/company/SHREEPUSHK,SHREEPUSHK,1
4522,/company/SHRERAJSYN,SHRERAJSYN,1
4523,/company/SRPL,SRPL,1
4524,/company/SHREERAMA,SHREERAMA,1
4525,/company/RAMANEWS,RAMANEWS,1
4526,/company/RENUKA,RENUKA,1
4530,/company/TIRUPATI,TIRUPATI,1
4531,/company/SVLL,SVLL,1
4535,/company/SHREMINVIT,SHREMINVIT,1
4536,/company/SHRENIK,SHRENIK,1
4537,/company/SHREYANIND,SHREYANIND,1
4540,/company/SHREYAS,SHREYAS,1
4546,/company/SHRIDINESH,SHRIDINESH,1
4553,/company/SRIRAM,SRIRAM,1
4555,/company/SHRITECH,SHRITECH,1
4562,/company/SHRIRAMFIN,SHRIRAMFIN,1
4563,/company/SHRIPISTON,SHRIPISTON,1
4564,/company/SHRIRAMPPS,SHRIRAMPPS,1
4565,/company/PEERABASAN,PEERABASAN,1
4568,/company/SHUBHLAXMI,SHUBHLAXMI,1
4571,/company/SHUKRADIAM,SHUKRADIAM,1
4573,/company/SHYAMCENT,SHYAMCENT,1
4574,/company/SHYAMMETL,SHYAMMETL,1
4576,/company/SHYAMTEL,SHYAMTEL,1
4581,/company/SICAGEN,SICAGEN,1
4582,/company/SICALLOG,SICALLOG,1
4587,/company/SIDDHIKA,SIDDHIKA,1
4590,/company/SIEMENS,SIEMENS,1
4591,/company/SIGACHI,SIGACHI,1
4593,/company/SIGMA,SIGMA,1
4594,/company/SIGIND,SIGIND,1
4596,/company/SIKKO,SIKKO,1
4598,/company/SILINV,SILINV,1
4599,/company/SILGO,SILGO,1
4601,/company/PRASGLOFIN,PRASGLOFIN,1
4602,/company/SILLYMONKS,SILLYMONKS,1
4605,/company/SILVERTUC,SILVERTUC,1
4607,/company/SIMBHALS,SIMBHALS,1
4610,/company/SIMPLEXCAS,SIMPLEXCAS,1
4611,/company/SIMPLEXINF,SIMPLEXINF,1
4617,/company/SINDHUTRAD,SINDHUTRAD,1
4619,/company/SINGER,SINGER,1
4622,/company/SINTERCOM,SINTERCOM,1
4623,/company/SPTL,SPTL,1
4626,/company/SIRCA,SIRCA,1
4628,/company/SIS,SIS,1
4631,/company/SITINET,SITINET,1
4635,/company/SIYSIL,SIYSIL,1
4638,/company/SJS,SJS,1
4639,/company/SJVN,SJVN,1
4644,/company/SKFINDIA,SKFINDIA,1
4645,/company/SKIL,SKIL,1
4646,/company/SKIPPER,SKIPPER,1
4647,/company/SKMEGGPROD,SKMEGGPROD,1
4648,/company/SKP,SKP,1
4650,/company/SKSTEXTILE,SKSTEXTILE,1
4651,/company/SKYGOLD,SKYGOLD,1
4662,/company/SMARTLINK,SMARTLINK,1
4663,/company/SMCGLOBAL,SMCGLOBAL,1
4666,/company/SMLISUZU,SMLISUZU,1
4668,/company/SMSLIFE,SMSLIFE,1
4669,/company/SMSPHARMA,SMSPHARMA,1
4670,/company/SMVD,SMVD,1
4673,/company/SNOWMAN,SNOWMAN,1
4676,/company/SOBHA,SOBHA,1
4681,/company/SOFTTECH,SOFTTECH,1
4682,/company/SOLARINDS,SOLARINDS,1
4683,/company/SOLARA,SOLARA,1
4684,/company/SOLEX,SOLEX,1
4689,/company/SOMDUTTFIN,SOMDUTTFIN,1
4690,/company/SDBL,SDBL,1
4693,/company/SOMATEX,SOMATEX,1
4694,/company/SOMANYCERA,SOMANYCERA,1
4695,/company/SOMICONVEY,SOMICONVEY,1
4696,/company/SONACOMS,SONACOMS,1
4702,/company/SONAMLTD,SONAMLTD,1
4704,/company/SONATSOFTW,SONATSOFTW,1
4707,/company/SONUINFRA,SONUINFRA,1
4710,/company/SORICH,SORICH,1
4711,/company/SOTAC,SOTAC,1
4717,/company/SIPAPER,SIPAPER,1
4718,/company/SOUTHWEST,SOUTHWEST,1
4723,/company/SPIC,SPIC,1
4726,/company/SPRL,SPRL,1
4729,/company/SPCENET,SPCENET,1
4731,/company/SPANDANA,SPANDANA,1
4737,/company/SPECIALITY,SPECIALITY,1
4740,/company/SPECTRUM,SPECTRUM,1
4742,/company/SPECTSTM,SPECTSTM,1
4743,/company/SPICELEC,SPICELEC,1
4744,/company/SPENCERS,SPENCERS,1
4748,/company/SPICEJET,SPICEJET,1
4750,/company/SPLIL,SPLIL,1
4752,/company/SPMLINFRA,SPMLINFRA,1
4753,/company/SPORTKING,SPORTKING,1
4766,/company/SRHHYPOLTD,SRHHYPOLTD,1
4769,/company/SREEL,SREEL,1
4770,/company/SREINFRA,SREINFRA,1
4772,/company/SRF,SRF,1
4773,/company/SRGHFL,SRGHFL,1
4775,/company/SABTN,SABTN,1
4778,/company/HAVISHA,HAVISHA,1
4789,/company/SSFL,SSFL,1
4790,/company/SRIVASAVI,SRIVASAVI,1
4794,/company/SSINFRA,SSINFRA,1
4799,/company/STANDRDBAT,STANDRDBAT,1
4801,/company/SIL,SIL,1
4807,/company/STARCEMENT,STARCEMENT,1
4809,/company/STARHEALTH,STARHEALTH,1
4813,/company/STARPAPER,STARPAPER,1
4820,/company/ABGHEAVY,ABGHEAVY,1
4821,/company/STARTECK,STARTECK,1
4822,/company/SBIN,SBIN,1
4826,/company/SAIL,SAIL,1
4827,/company/STEELCITY,STEELCITY,1
4828,/company/STEELXIND,STEELXIND,1
4832,/company/SSWL,SSWL,1
4833,/company/STEELCAS,STEELCAS,1
4835,/company/STEL,STEL,1
4842,/company/SWSOLAR,SWSOLAR,1
4847,/company/STERTOOLS,STERTOOLS,1
4848,/company/STLTECH,STLTECH,1
4850,/company/SGL,SGL,1
4851,/company/STOVEKRAFT,STOVEKRAFT,1
4855,/company/STAR,STAR,1
4858,/company/STYLAMIND,STYLAMIND,1
4859,/company/STYRENIX,STYRENIX,1
4860,/company/SUBEXLTD,SUBEXLTD,1
4865,/company/SUBROS,SUBROS,1
4868,/company/SUDARSCHEM,SUDARSCHEM,1
4874,/company/SUDITIND,SUDITIND,1
4878,/company/SUKHJITS,SUKHJITS,1
4880,/company/SULA,SULA,1
4886,/company/SUMEETINDS,SUMEETINDS,1
4889,/company/SUMIT,SUMIT,1
4890,/company/SUMICHEM,SUMICHEM,1
4891,/company/SUMMITSEC,SUMMITSEC,1
4898,/company/SPARC,SPARC,1
4899,/company/SUNPHARMA,SUNPHARMA,1
4901,/company/SUNTV,SUNTV,1
4904,/company/SUNDRMBRAK,SUNDRMBRAK,1
4905,/company/SUNDARMHLD,SUNDARMHLD,1
4906,/company/SUNDARMFIN,SUNDARMFIN,1
4908,/company/SUNDARAM,SUNDARAM,1
4909,/company/SUNDRMFAST,SUNDRMFAST,1
4911,/company/SUNFLAG,SUNFLAG,1
4913,/company/SEL,SEL,1
4923,/company/SUNREST,SUNREST,1
4930,/company/SUNTECK,SUNTECK,1
4935,/company/SUPER,SUPER,1
4936,/company/SUPERSPIN,SUPERSPIN,1
4938,/company/SUPERHOUSE,SUPERHOUSE,1
4946,/company/SUPRAJIT,SUPRAJIT,1
4949,/company/SUPREMEENG,SUPREMEENG,1
4952,/company/SUPREMEIND,SUPREMEIND,1
4953,/company/SUPREMEINF,SUPREMEINF,1
4954,/company/SPLPETRO,SPLPETRO,1
4956,/company/SUPRIYA,SUPRIYA,1
4961,/company/SURANASOL,SURANASOL,1
4962,/company/SURANAT&P,SURANAT&P,1
4963,/company/SURANI,SURANI,1
4965,/company/SBGLP,SBGLP,1
4970,/company/SURYAROSNI,SURYAROSNI,1
4973,/company/SURYALAXMI,SURYALAXMI,1
4975,/company/SURYVANSPG,SURYVANSPG,1
4977,/company/SURYODAY,SURYODAY,1
4979,/company/SUTLEJTEX,SUTLEJTEX,1
4981,/company/SUULD,SUULD,1
4982,/company/SUVEN,SUVEN,1
4983,/company/SUVENPHAR,SUVENPHAR,1
4985,/company/SUVIDHAA,SUVIDHAA,1
4992,/company/SUZLON,SUZLON,1
4998,/company/ATVPETRO,ATVPETRO,1
4999,/company/SVPGLOB,SVPGLOB,1
5008,/company/SWANENERGY,SWANENERGY,1
5009,/company/SWARAJENG,SWARAJENG,1
5010,/company/SWARAJ,SWARAJ,1
5017,/company/SWASTIK,SWASTIK,1
5023,/company/SWELECTES,SWELECTES,1
5025,/company/NETWORK,NETWORK,1
5034,/company/SYMPHONY,SYMPHONY,1
5035,/company/SYNCOMF,SYNCOMF,1
5036,/company/SGIL,SGIL,1
5038,/company/SYNGENE,SYNGENE,1
5039,/company/SYNOPTICS,SYNOPTICS,1
5042,/company/SYRMA,SYRMA,1
5044,/company/SYSTANGO,SYSTANGO,1
5053,/company/TTL,TTL,1
5060,/company/TAINWALCHM,TAINWALCHM,1
5061,/company/TAJGVK,TAJGVK,1
5062,/company/TAKE,TAKE,1
5063,/company/TALBROAUTO,TALBROAUTO,1
5066,/company/TNPL,TNPL,1
5067,/company/TMB,TMB,1
5069,/company/TNPETRO,TNPETRO,1
5071,/company/TNTELE,TNTELE,1
5072,/company/TANEJAERO,TANEJAERO,1
5073,/company/TANFACIND,TANFACIND,1
5074,/company/TANLA,TANLA,1
5076,/company/TCLCONS,TCLCONS,1
5080,/company/TAPIFRUIT,TAPIFRUIT,1
5081,/company/TARACHAND,TARACHAND,1
5084,/company/TARAPUR,TARAPUR,1
5085,/company/TARC,TARC,1
5087,/company/TARMAT,TARMAT,1
5088,/company/TARSONS,TARSONS,1
5090,/company/TASTYBITE,TASTYBITE,1
5092,/company/TATACHEM,TATACHEM,1
5093,/company/TATACOFFEE,TATACOFFEE,1
5094,/company/TATACOMM,TATACOMM,1
5095,/company/TCS,TCS,1
5096,/company/TATACONSUM,TATACONSUM,1
5097,/company/TATAELXSI,TATAELXSI,1
5098,/company/TATAINVEST,TATAINVEST,1
5099,/company/TATAMETALI,TATAMETALI,1
5100,/company/TATAMOTORS,TATAMOTORS,1
5101,/company/TATAMTRDVR,TATAMTRDVR,1
5102,/company/TATAPOWER,TATAPOWER,1
5103,/company/TATASTLLP,TATASTLLP,1
5104,/company/TATASTEEL,TATASTEEL,1
5105,/company/TATATECH,TATATECH,1
5106,/company/TTML,TTML,1
5107,/company/TATVA,TATVA,1
5110,/company/TATAYODOGA,TATAYODOGA,1
5114,/company/TCIEXP,TCIEXP,1
5115,/company/TCIFINANCE,TCIFINANCE,1
5118,/company/TCNSBRANDS,TCNSBRANDS,1
5119,/company/TCPLPACK,TCPLPACK,1
5120,/company/TDPOWERSYS,TDPOWERSYS,1
5121,/company/TEAMLEASE,TEAMLEASE,1
5122,/company/TPHQ,TPHQ,1
5123,/company/TECHM,TECHM,1
5124,/company/TECHIN,TECHIN,1
5127,/company/TECHNOE,TECHNOE,1
5128,/company/TIIL,TIIL,1
5131,/company/TECILCHEM,TECILCHEM,1
5134,/company/TEGA,TEGA,1
5135,/company/TEJASNET,TEJASNET,1
5144,/company/TEMBO,TEMBO,1
5146,/company/TERASOFT,TERASOFT,1
5152,/company/TEXINFRA,TEXINFRA,1
5153,/company/TEXRAIL,TEXRAIL,1
5154,/company/TEXMOPIPES,TEXMOPIPES,1
5155,/company/TGBHOTELS,TGBHOTELS,1
5156,/company/SREERAYALK,SREERAYALK,1
5163,/company/THANGAMAYL,THANGAMAYL,1
5167,/company/ANDHRSUGAR,ANDHRSUGAR,1
5168,/company/ANUP,ANUP,1
5175,/company/BYKE,BYKE,1
5180,/company/FEDERALBNK,FEDERALBNK,1
5181,/company/FACT,FACT,1
5183,/company/GESHIP,GESHIP,1
5184,/company/GROBTEA,GROBTEA,1
5185,/company/HITECHGEAR,HITECHGEAR,1
5188,/company/INDIACEM,INDIACEM,1
5190,/company/INDHOTEL,INDHOTEL,1
5192,/company/THEINVEST,THEINVEST,1
5193,/company/J&KBANK,J&KBANK,1
5195,/company/KTKBANK,KTKBANK,1
5199,/company/MOTOGENFIN,MOTOGENFIN,1
5201,/company/NIACL,NIACL,1
5205,/company/ORISSAMINE,ORISSAMINE,1
5208,/company/PKTEA,PKTEA,1
5209,/company/PHOENIXLTD,PHOENIXLTD,1
5215,/company/RAMCOCEM,RAMCOCEM,1
5217,/company/RUBYMILLS,RUBYMILLS,1
5218,/company/SANDESH,SANDESH,1
5219,/company/SOUTHBANK,SOUTHBANK,1
5220,/company/STCINDIA,STCINDIA,1
5222,/company/UGARSUGAR,UGARSUGAR,1
5223,/company/UNITEDTEA,UNITEDTEA,1
5225,/company/WIPL,WIPL,1
5227,/company/THEJO,THEJO,1
5228,/company/THEMISMED,THEMISMED,1
5229,/company/THERMAX,THERMAX,1
5233,/company/TIRUMALCHM,TIRUMALCHM,1
5234,/company/THOMASCOOK,THOMASCOOK,1
5235,/company/THOMASCOTT,THOMASCOTT,1
5236,/company/THYROCARE,THYROCARE,1
5239,/company/TIDEWATER,TIDEWATER,1
5242,/company/TIJARIA,TIJARIA,1
5243,/company/TIL,TIL,1
5245,/company/TI,TI,1
5247,/company/TIMETECHNO,TIMETECHNO,1
5250,/company/TIMESGTY,TIMESGTY,1
5251,/company/TIMESCAN,TIMESCAN,1
5252,/company/TIMEXWATCH,TIMEXWATCH,1
5253,/company/TIMKEN,TIMKEN,1
5258,/company/TINPLATE,TINPLATE,1
5260,/company/TIPSFILMS,TIPSFILMS,1
5261,/company/TIPSINDLTD,TIPSINDLTD,1
5264,/company/TIRUPATIFL,TIRUPATIFL,1
5269,/company/TITAGARH,TITAGARH,1
5271,/company/TITAN,TITAN,1
5274,/company/TMTINDIA,TMTINDIA,1
5276,/company/TOKYOPLAST,TOKYOPLAST,1
5279,/company/TORNTPHARM,TORNTPHARM,1
5280,/company/TORNTPOWER,TORNTPOWER,1
5282,/company/TOTAL,TOTAL,1
5283,/company/TOUCHWOOD,TOUCHWOOD,1
5284,/company/TFCILTD,TFCILTD,1
5286,/company/TPLPLASTEH,TPLPLASTEH,1
5287,/company/TRACXN,TRACXN,1
5290,/company/TRANSFREIT,TRANSFREIT,1
5292,/company/TRANSCHEM,TRANSCHEM,1
5294,/company/TRIL,TRIL,1
5297,/company/TREL,TREL,1
5299,/company/TRANSPEK,TRANSPEK,1
5300,/company/TCI,TCI,1
5301,/company/TRANSTEEL,TRANSTEEL,1
5303,/company/TFL,TFL,1
5304,/company/TRANSWIND,TRANSWIND,1
5307,/company/TREEHOUSE,TREEHOUSE,1
5308,/company/TREJHARA,TREJHARA,1
5309,/company/TRENT,TRENT,1
5311,/company/TRF,TRF,1
5312,/company/TBZ,TBZ,1
5319,/company/TRIDENT,TRIDENT,1
5323,/company/TRIDHYA,TRIDHYA,1
5325,/company/TRIGYN,TRIGYN,1
5332,/company/TRITON,TRITON,1
5334,/company/TRIVENI,TRIVENI,1
5336,/company/TRIVENSHET,TRIVENSHET,1
5337,/company/TRITURBINE,TRITURBINE,1
5338,/company/TRU,TRU,1
5342,/company/TTKHLTCARE,TTKHLTCARE,1
5343,/company/TTKPRESTIG,TTKPRESTIG,1
5344,/company/TIINDIA,TIINDIA,1
5347,/company/TULSYAN,TULSYAN,1
5349,/company/TUTICORALK,TUTICORALK,1
5350,/company/TVTODAY,TVTODAY,1
5351,/company/TVVISION,TVVISION,1
5352,/company/TV18BRDCST,TV18BRDCST,1
5353,/company/TVSELECT,TVSELECT,1
5354,/company/TVSHLTD,TVSHLTD,1
5355,/company/TVSMOTOR,TVSMOTOR,1
5356,/company/TVSSRICHAK,TVSSRICHAK,1
5357,/company/TVSSCS,TVSSCS,1
5365,/company/UCAL,UCAL,1
5366,/company/UCOBANK,UCOBANK,1
5367,/company/UDAICEMENT,UDAICEMENT,1
5371,/company/USK,USK,1
5372,/company/UFLEX,UFLEX,1
5373,/company/UFO,UFO,1
5374,/company/UGROCAP,UGROCAP,1
5376,/company/UJAAS,UJAAS,1
5378,/company/UJJIVAN,UJJIVAN,1
5379,/company/UJJIVANSFB,UJJIVANSFB,1
5381,/company/UWCSL,UWCSL,1
5383,/company/ULTRMARINE,ULTRMARINE,1
5384,/company/ULTRACEMCO,ULTRACEMCO,1
5385,/company/UMA,UMA,1
5386,/company/UMAEXPORTS,UMAEXPORTS,1
5389,/company/UMANGDAIRY,UMANGDAIRY,1
5392,/company/UNICHEMLAB,UNICHEMLAB,1
5396,/company/UNIHEALTH,UNIHEALTH,1
5397,/company/UNIINFO,UNIINFO,1
5399,/company/UNIONBANK,UNIONBANK,1
5402,/company/UNIPARTS,UNIPARTS,1
5403,/company/UNIENTER,UNIENTER,1
5413,/company/UNITECH,UNITECH,1
5414,/company/UBL,UBL,1
5416,/company/UNIDT,UNIDT,1
5420,/company/UNITEDPOLY,UNITEDPOLY,1
5421,/company/MCDOWELL-N,MCDOWELL-N,1
5425,/company/UNIVAFOODS,UNIVAFOODS,1
5426,/company/UNIVASTU,UNIVASTU,1
5429,/company/UNIVCABLES,UNIVCABLES,1
5435,/company/UNIVPHOTO,UNIVPHOTO,1
5437,/company/WOOLWORTH,WOOLWORTH,1
5441,/company/UNOMINDA,UNOMINDA,1
5444,/company/UDS,UDS,1
5445,/company/UPL,UPL,1
5447,/company/USASEEDS,USASEEDS,1
5449,/company/URAVI,URAVI,1
5450,/company/URBAN,URBAN,1
5451,/company/URJA,URJA,1
5454,/company/UMESLTD,UMESLTD,1
5455,/company/USHAMART,USHAMART,1
5457,/company/UCL,UCL,1
5458,/company/USHDEVINT,USHDEVINT,1
5460,/company/UTIAMC,UTIAMC,1
5461,/company/APPLEIND,APPLEIND,1
5462,/company/UTKARSHBNK,UTKARSHBNK,1
5464,/company/UTTAMSUGAR,UTTAMSUGAR,1
5468,/company/VGUARD,VGUARD,1
5469,/company/VMARCIND,VMARCIND,1
5470,/company/VMART,VMART,1
5471,/company/VSTTILLERS,VSTTILLERS,1
5472,/company/V2RETAIL,V2RETAIL,1
5473,/company/WABAG,WABAG,1
5476,/company/VADILALIND,VADILALIND,1
5477,/company/VSCL,VSCL,1
5480,/company/VAIBHAVGBL,VAIBHAVGBL,1
5482,/company/MADHAVBAUG,MADHAVBAUG,1
5483,/company/VAISHALI,VAISHALI,1
5484,/company/VAKRANGEE,VAKRANGEE,1
5487,/company/VALIANTLAB,VALIANTLAB,1
5488,/company/VALIANTORG,VALIANTORG,1
5499,/company/CLOUD,CLOUD,1
5501,/company/VARDHACRLC,VARDHACRLC,1
5503,/company/VHL,VHL,1
5504,/company/VARDMNPOLY,VARDMNPOLY,1
5505,/company/VSSL,VSSL,1
5506,/company/VTL,VTL,1
5510,/company/VARROC,VARROC,1
5511,/company/VBL,VBL,1
5514,/company/DENTALKART,DENTALKART,1
5515,/company/VASA,VASA,1
5516,/company/VASCONEQ,VASCONEQ,1
5519,/company/VASWANI,VASWANI,1
5524,/company/VCL,VCL,1
5525,/company/VBDESAIFIN,VBDESAIFIN,1
5531,/company/MANYAVAR,MANYAVAR,1
5532,/company/VEDL,VEDL,1
5536,/company/VEEKAYEM,VEEKAYEM,1
5542,/company/NIYATILEAS,NIYATILEAS,1
5548,/company/VELS,VELS,1
5550,/company/VENKEYS,VENKEYS,1
5551,/company/VENLONPOLY,VENLONPOLY,1
5554,/company/VENUSPIPES,VENUSPIPES,1
5555,/company/VENUSREM,VENUSREM,1
5556,/company/VERA,VERA,1
5557,/company/VERANDA,VERANDA,1
5561,/company/VERTEXPLUS,VERTEXPLUS,1
5562,/company/VERTOZ,VERTOZ,1
5563,/company/VESUVIUS,VESUVIUS,1
5564,/company/VETO,VETO,1
5566,/company/VIAZ,VIAZ,1
5568,/company/VICEROY,VICEROY,1
5572,/company/VIDHIING,VIDHIING,1
5578,/company/VIJAYA,VIJAYA,1
5580,/company/VIJIFIN,VIJIFIN,1
5582,/company/VIKASECO,VIKASECO,1
5583,/company/VIKASLIFE,VIKASLIFE,1
5584,/company/VIKASPROP,VIKASPROP,1
5585,/company/VIKASWSP,VIKASWSP,1
5591,/company/VILINBIO,VILINBIO,1
5592,/company/VIMTALABS,VIMTALABS,1
5593,/company/VINATIORGA,VINATIORGA,1
5596,/company/VINDHYATEL,VINDHYATEL,1
5597,/company/VINEETLAB,VINEETLAB,1
5598,/company/VINNY,VINNY,1
5602,/company/VINYAS,VINYAS,1
5603,/company/VINYLINDIA,VINYLINDIA,1
5605,/company/VIPCLOTHNG,VIPCLOTHNG,1
5606,/company/VIPIND,VIPIND,1
5608,/company/VIPULLTD,VIPULLTD,1
5614,/company/VIRINCHI,VIRINCHI,1
5619,/company/VISASTEEL,VISASTEEL,1
5621,/company/VIVIDHA,VIVIDHA,1
5622,/company/VISAKAIND,VISAKAIND,1
5626,/company/VISHAL,VISHAL,1
5627,/company/VISHNU,VISHNU,1
5628,/company/VPRPL,VPRPL,1
5633,/company/VISHWARAJ,VISHWARAJ,1
5638,/company/VITAL,VITAL,1
5644,/company/VIVIANA,VIVIANA,1
5647,/company/VIVIMEDLAB,VIVIMEDLAB,1
5649,/company/VIVO,VIVO,1
5652,/company/VLSFINANCE,VLSFINANCE,1
5654,/company/IDEA,IDEA,1
5655,/company/PORRITSPEN,PORRITSPEN,1
5657,/company/VOLTAMP,VOLTAMP,1
5658,/company/VOLTAS,VOLTAS,1
5661,/company/VRLLOG,VRLLOG,1
5665,/company/VSTIND,VSTIND,1
5666,/company/VTMLTD,VTMLTD,1
5668,/company/VXLINSTR,VXLINSTR,1
5670,/company/WSI,WSI,1
5676,/company/WALCHANNAG,WALCHANNAG,1
5678,/company/WALPAR,WALPAR,1
5679,/company/WANBURY,WANBURY,1
5682,/company/WARRENTEA,WARRENTEA,1
5684,/company/WATERBASE,WATERBASE,1
5686,/company/WEWIN,WEWIN,1
5687,/company/WEALTH,WEALTH,1
5689,/company/WEBELSOLAR,WEBELSOLAR,1
5690,/company/WEIZMANIND,WEIZMANIND,1
5696,/company/WELCORP,WELCORP,1
5697,/company/WELENT,WELENT,1
5698,/company/WELINV,WELINV,1
5699,/company/WELSPUNIND,WELSPUNIND,1
5700,/company/REMIMETAL,REMIMETAL,1
5703,/company/WENDT,WENDT,1
5705,/company/WSTCSTPAPR,WSTCSTPAPR,1
5710,/company/WESTLIFE,WESTLIFE,1
5712,/company/WHEELS,WHEELS,1
5714,/company/WHIRLPOOL,WHIRLPOOL,1
5719,/company/WILLAMAGOR,WILLAMAGOR,1
5720,/company/WIMPLAST,WIMPLAST,1
5721,/company/WINDLAS,WINDLAS,1
5722,/company/WINDMACHIN,WINDMACHIN,1
5724,/company/WINPRO,WINPRO,1
5729,/company/WINSOME,WINSOME,1
5731,/company/WIPRO,WIPRO,1
5733,/company/WOCKPHARMA,WOCKPHARMA,1
5734,/company/WOMANCART,WOMANCART,1
5735,/company/WEL,WEL,1
5736,/company/WONDERLA,WONDERLA,1
5741,/company/WORTH,WORTH,1
5744,/company/XCHANGING,XCHANGING,1
5745,/company/XELPMOC,XELPMOC,1
5746,/company/XPROINDIA,XPROINDIA,1
5749,/company/YAARI,YAARI,1
5759,/company/YASHO,YASHO,1
5761,/company/YCCL,YCCL,1
5762,/company/YATHARTH,YATHARTH,1
5763,/company/YATRA,YATRA,1
5765,/company/YESBANK,YESBANK,1
5769,/company/YUDIZ,YUDIZ,1
5771,/company/YUKEN,YUKEN,1
5774,/company/ZAGGLE,ZAGGLE,1
5776,/company/ZEAL,ZEAL,1
5777,/company/ZEEL,ZEEL,1
5778,/company/ZEELEARN,ZEELEARN,1
5779,/company/ZEEMEDIA,ZEEMEDIA,1
5782,/company/ZENTEC,ZENTEC,1
5785,/company/ZENITHEXPO,ZENITHEXPO,1
5789,/company/ZENITHSTL,ZENITHSTL,1
5792,/company/ZENSARTECH,ZENSARTECH,1
5794,/company/ZFCVINDIA,ZFCVINDIA,1
5795,/company/ZFSTEERING,ZFSTEERING,1
5796,/company/ZIMLAB,ZIMLAB,1
5802,/company/ZODIACLOTH,ZODIACLOTH,1
5803,/company/ZODIAC,ZODIAC,1
5805,/company/ZODJRDMKJ,ZODJRDMKJ,1
5806,/company/ZOMATO,ZOMATO,1
5810,/company/ZOTA,ZOTA,1
5812,/company/ZUARI,ZUARI,1
5813,/company/ZUARIIND,ZUARIIND,1
5814,/company/ZYDUSLIFE,ZYDUSLIFE,1
5815,/company/ZYDUSWELL,ZYDUSWELL,1
5816,/company/BRIGHT,BRIGHT,1
5817,/company/DYNAMATECH,DYNAMATECH,1
5818,/company/ELGIEQUIP,ELGIEQUIP,1
5819,/company/INGERRAND,INGERRAND,1
5821,/company/KIRLPNU,KIRLPNU,1
5822,/company/LATTEYS,LATTEYS,1
5823,/company/ROTO,ROTO,1
5824,/company/SHAKTIPUMP,SHAKTIPUMP,1
5828,/company/AGROPHOS,AGROPHOS,1
5829,/company/ARIES,ARIES,1
5832,/company/BOHRAIND,BOHRAIND,1
5833,/company/CHAMBLFERT,CHAMBLFERT,1
5835,/company/COROMANDEL,COROMANDEL,1
5837,/company/DEEPAKFERT,DEEPAKFERT,1
5838,/company/GNFC,GNFC,1
5839,/company/GSFC,GSFC,1
5841,/company/KHAICHEM,KHAICHEM,1
5842,/company/KRISHANA,KRISHANA,1
5843,/company/MBAPL,MBAPL,1
5844,/company/MADRASFERT,MADRASFERT,1
5845,/company/MANGCHEFER,MANGCHEFER,1
5847,/company/NAGAFERT,NAGAFERT,1
5849,/company/NFL,NFL,1
5850,/company/PARADEEP,PARADEEP,1
5851,/company/RAMAPHO,RAMAPHO,1
5853,/company/RCF,RCF,1
5856,/company/SPIC,SPIC,1
5858,/company/FACT,FACT,1
5861,/company/ZUARI,ZUARI,1
5862,/company/21STCENMGM,21STCENMGM,1
5863,/company/3PLAND,3PLAND,1
5907,/company/ARAVALISEC,ARAVALISEC,1
5912,/company/3IINFOLTD,3IINFOLTD,1
5913,/company/63MOONS,63MOONS,1
5918,/company/ACCELYA,ACCELYA,1
5922,/company/ADROITINFO,ADROITINFO,1
5924,/company/AIRAN,AIRAN,1
5926,/company/ALLETEC,ALLETEC,1
5927,/company/ADSL,ADSL,1
5928,/company/SSLFINANCE,SSLFINANCE,1
5935,/company/AURIONPRO,AURIONPRO,1
5936,/company/AURUM,AURUM,1
5938,/company/AXISCADES,AXISCADES,1
5943,/company/ASMS,ASMS,1
5944,/company/BGLOBAL,BGLOBAL,1
5945,/company/BSOFT,BSOFT,1
5948,/company/BODHTREE,BODHTREE,1
5949,/company/BCG,BCG,1
5951,/company/CADSYS,CADSYS,1
5952,/company/CALSOFT,CALSOFT,1
5953,/company/CTE,CTE,1
5954,/company/CANARYS,CANARYS,1
5956,/company/MAPMYINDIA,MAPMYINDIA,1
5959,/company/CIGNITITEC,CIGNITITEC,1
5961,/company/COFORGE,COFORGE,1
5962,/company/AARTIDRUGS,AARTIDRUGS,1
5963,/company/AARTIPHARM,AARTIPHARM,1
5965,/company/ABBOTINDIA,ABBOTINDIA,1
5968,/company/ADVENZYMES,ADVENZYMES,1
5970,/company/AJANTPHARM,AJANTPHARM,1
5971,/company/ALBERTDAVD,ALBERTDAVD,1
5972,/company/ALEMBICLTD,ALEMBICLTD,1
5973,/company/APLLTD,APLLTD,1
5974,/company/ALKEM,ALKEM,1
5975,/company/ALPA,ALPA,1
5976,/company/AMBASARABH,AMBASARABH,1
5977,/company/AMIORG,AMIORG,1
5978,/company/AMRUTANJAN,AMRUTANJAN,1
5981,/company/ASTRAZEN,ASTRAZEN,1
5983,/company/AUROPHARMA,AUROPHARMA,1
5985,/company/BAFNAPH,BAFNAPH,1
5986,/company/BAJAJHCARE,BAJAJHCARE,1
5987,/company/BALPHARMA,BALPHARMA,1
5989,/company/MBIND,MBIND,1
5991,/company/BETA,BETA,1
5994,/company/BIOCON,BIOCON,1
5995,/company/BIOFILCHEM,BIOFILCHEM,1
5996,/company/BLISSGVS,BLISSGVS,1
5997,/company/BLUEJET,BLUEJET,1
5998,/company/BROOKS,BROOKS,1
5999,/company/CAPLIPOINT,CAPLIPOINT,1
6003,/company/CIPLA,CIPLA,1
6005,/company/CONCORDBIO,CONCORDBIO,1
6013,/company/ADANIENSOL,ADANIENSOL,1
6014,/company/ADANIGREEN,ADANIGREEN,1
6015,/company/ADANIPOWER,ADANIPOWER,1
6018,/company/BFUTILITIE,BFUTILITIE,1
6019,/company/CESC,CESC,1
6020,/company/ENERGYDEV,ENERGYDEV,1
6023,/company/GMRP&UI,GMRP&UI,1
6024,/company/GIPCL,GIPCL,1
6025,/company/GVKPIL,GVKPIL,1
6027,/company/DPSCLTD,DPSCLTD,1
6028,/company/IEX,IEX,1
6029,/company/INDOWIND,INDOWIND,1
6030,/company/IWEL,IWEL,1
6031,/company/JPPOWER,JPPOWER,1
6032,/company/JSWENERGY,JSWENERGY,1
6033,/company/KARMAENG,KARMAENG,1
6034,/company/KKVAPOW,KKVAPOW,1
6035,/company/NAVA,NAVA,1
6036,/company/NHPC,NHPC,1
6037,/company/NLCINDIA,NLCINDIA,1
6038,/company/NTPC,NTPC,1
6039,/company/GREENPOWER,GREENPOWER,1
6042,/company/POWERGRID,POWERGRID,1
6044,/company/PTC,PTC,1
6045,/company/RTNPOWER,RTNPOWER,1
6048,/company/RELINFRA,RELINFRA,1
6049,/company/RPOWER,RPOWER,1
6051,/company/SAMPANN,SAMPANN,1
6054,/company/SJVN,SJVN,1
6056,/company/SEL,SEL,1
6058,/company/SURANAT&P,SURANAT&P,1
6060,/company/TATAPOWER,TATAPOWER,1
6061,/company/TORNTPOWER,TORNTPOWER,1
6062,/company/AVADHSUGAR,AVADHSUGAR,1
6063,/company/BAJAJHIND,BAJAJHIND,1
6064,/company/BALRAMCHIN,BALRAMCHIN,1
6065,/company/BANARISUG,BANARISUG,1
6066,/company/DALMIASUG,DALMIASUG,1
6068,/company/DCMSRIND,DCMSRIND,1
6070,/company/DBOL,DBOL,1
6071,/company/DHAMPURSUG,DHAMPURSUG,1
6073,/company/DHARSUGAR,DHARSUGAR,1
6074,/company/DOLLEX,DOLLEX,1
6075,/company/DWARKESH,DWARKESH,1
6076,/company/EIDPARRY,EIDPARRY,1
6079,/company/OSWALSUG,OSWALSUG,1
6080,/company/KCPSUGIND,KCPSUGIND,1
6081,/company/KMSUGAR,KMSUGAR,1
6082,/company/KESARENT,KESARENT,1
6083,/company/KHAITANLTD,KHAITANLTD,1
6084,/company/KOTARISUG,KOTARISUG,1
6085,/company/MAGADSUGAR,MAGADSUGAR,1
6086,/company/MAWANASUG,MAWANASUG,1
6091,/company/PICCADSUG,PICCADSUG,1
6092,/company/PONNIERODE,PONNIERODE,1
6093,/company/RAJSREESUG,RAJSREESUG,1
6094,/company/RANASUG,RANASUG,1
6095,/company/RAVALSUGAR,RAVALSUGAR,1
6097,/company/SAKHTISUG,SAKHTISUG,1
6100,/company/RENUKA,RENUKA,1
6101,/company/SIMBHALS,SIMBHALS,1
6105,/company/UGARSUGAR,UGARSUGAR,1
6107,/company/TRIVENI,TRIVENI,1
6108,/company/UTTAMSUGAR,UTTAMSUGAR,1
6109,/company/VISHWARAJ,VISHWARAJ,1
